{
  "DecisionTree": 0.8455284552845529,
  "RandomForest": 0.8536585365853658,
  "XGBoost": 0.7723577235772358,
  "LightGBM": 0.7967479674796748,
  "CatBoost": 0.8536585365853658
}