Date,Close,High,Low,Open,Volume
,AAPL,AAPL,AAPL,AAPL,AAPL
2021-01-05,127.53199005126953,128.24262097829288,125.02048114625119,125.46827577350281,97664900
2021-01-06,123.23905944824219,127.57092663069263,123.02489875437408,124.32932869572905,155088000
2021-01-07,127.44436645507812,128.13552408640413,124.46560495444153,124.95233107817177,109578200
2021-01-08,128.5443878173828,129.10899197173987,126.77269738263777,128.91428961570313,105158200
2021-01-11,125.55585479736328,126.71426523844697,125.08860192198284,125.76028628554909,100384500
2021-01-12,125.38066864013672,126.24704065814508,123.4921686595174,125.08862995743296,91951100
2021-01-13,127.4151840209961,127.9603149883141,125.07890420286044,125.34172565614995,88636800
2021-01-14,125.48773193359375,127.52224355209353,125.34170518524395,127.32755607466288,90221800
2021-01-15,123.76473236083984,126.76296740977297,123.62844962469308,125.36119363586094,111598500
2021-01-19,124.43640899658203,125.2930517717372,123.5700370457831,124.3877334109567,90757300
2021-01-20,128.52488708496094,128.9726816127556,125.13727773804456,125.24435806944973,104319500
2021-01-21,133.2364044189453,135.9620736838479,130.04348223408022,130.24791374177147,120150900
2021-01-22,135.37802124023438,136.13731286135894,131.43553637442392,132.66208095000118,114459400
2021-01-25,139.12579345703125,141.23818305206848,132.91516336360118,139.27182020640586,157611700
2021-01-26,139.3594512939453,140.46918645287846,137.6169631530498,139.78777273313094,98390600
2021-01-27,138.28863525390625,140.46917381461645,136.6824448551771,139.6222601892596,140843800
2021-01-28,133.45059204101562,138.22051793091006,133.07094618183902,135.8160892048896,142621100
2021-01-29,128.456787109375,133.10988846080656,126.7532453845792,132.22404319902353,177523800
2021-02-01,130.57888793945312,131.7859741111612,127.45409959233686,130.19924214528973,106239800
2021-02-02,131.4063262939453,132.69127555683025,131.0364096809211,132.12667146199954,83305400
2021-02-03,130.38418579101562,132.16560504134387,130.06294479305137,132.15586101329262,89880900
2021-02-04,133.7426300048828,133.75235918193923,131.01696020484349,132.68157041122387,84183100
2021-02-05,133.32826232910156,133.97170445351236,132.45085206919504,133.90346870595903,75693800
2021-02-08,133.47451782226562,133.52326614630692,131.53444758226135,132.61659492201852,71297200
2021-02-09,132.5970916748047,134.4201778248724,132.44111786524098,133.19178552172198,76774200
2021-02-10,131.9926300048828,133.55248682280848,131.0274669252529,133.0552748381974,73046600
2021-02-11,131.73915100097656,132.96752812373632,130.41327725499468,132.48981847138168,64280000
2021-02-12,131.97315979003906,132.12914848493614,130.33532312132203,130.9787653308469,60145100
2021-02-16,129.8478546142578,132.5970843838598,129.4578829220419,132.0901434978276,80576300
2021-02-17,127.55683135986328,128.90220781232136,126.2212134982147,127.95654680963715,97918500
2021-02-18,126.45519256591797,126.73790904839909,124.21290350757396,125.95798047907508,96856700
2021-02-19,126.61119079589844,127.43012413336419,125.5680478480299,126.97191656836773,87668800
2021-02-22,122.83827209472656,126.46492703235708,122.44830783858197,124.7978296513902,103916400
2021-02-23,122.7017822265625,123.5304515985531,115.41922654111875,120.6544792375418,158273000
2021-02-24,122.20458221435547,122.40931177714582,119.16287735238498,121.80487424070276,111039900
2021-02-25,117.95401000976562,123.28675313012445,117.51530478227163,121.55141965184008,148199500
2021-02-26,118.21722412109375,121.71713665773981,118.15872464367439,119.51384476967971,164560400
2021-03-01,124.5833511352539,124.71983750347,119.7088167333954,120.64472644599832,116307900
2021-03-02,121.98036193847656,125.49002551913253,121.87312157746639,125.18780674062197,102260900
2021-03-03,118.99713897705078,122.55555080343935,118.78265825970878,121.67813306792647,112966300
2021-03-04,117.11556243896484,120.49849054949536,115.64345838509743,118.69491428410296,178155000
2021-03-05,118.37319946289062,118.88015523948293,114.61980921267136,117.9442454649468,153766600
2021-03-08,113.44017028808594,117.96373782106434,113.29393276187487,117.89549463389245,154376600
2021-03-09,118.0514907836914,118.99715180961525,115.80920903774101,116.04318464645965,129525800
2021-03-10,116.96932983398438,119.10437082693089,116.45262294368767,118.63641969338748,111943300
2021-03-11,118.8996353149414,120.11826884445411,118.21720351359382,119.46508305774302,103026500
2021-03-12,117.99298095703125,118.12946732804168,116.16990981369923,117.37879228748427,88105100
2021-03-15,120.87870788574219,120.8884590376453,117.39829045128926,118.36345366505867,92403800
2021-03-16,122.41905975341797,124.02765763412758,121.59039037182497,122.54579497339591,115227900
2021-03-17,121.62937927246094,122.70177530738493,119.27009907008946,120.93719630957409,111932600
2021-03-18,117.50553894042969,120.08904396527872,117.30080936399335,119.79656889154106,121229700
2021-03-19,116.97908020019531,118.38294855656439,116.67686143267959,116.89134214689703,185549500
2021-03-22,120.29376983642578,120.76172845240197,117.24231371312757,117.31055690317099,111912300
2021-03-23,119.465087890625,121.12242658262932,119.07512365781542,120.2352652049879,95467100
2021-03-24,117.07656860351562,119.81606211005297,117.05707373778829,119.73806777124454,88530500
2021-03-25,117.56400299072266,118.6071603676586,116.01390480762588,116.5403553522479,98844700
2021-03-26,118.16844940185547,118.4316783965719,115.9359119927255,117.33002897963378,94071200
2021-03-29,118.34394836425781,119.50408995901205,117.70051367598907,118.59742624167248,80819200
2021-03-30,116.891357421875,117.3788109495409,115.87745319177584,117.09608701094061,85671900
2021-03-31,119.08489227294922,120.42051011090868,118.10998526692909,118.59743876993915,118323800
2021-04-01,119.91356658935547,121.06395720049495,119.41636191355396,120.55700880956337,75089100
2021-04-05,122.74079132080078,122.99426922039768,119.98180275866349,120.76173132452315,88651200
2021-04-06,123.04302215576172,123.93993488776351,122.49707656896946,123.32574610262222,80171300
2021-04-07,124.69061279296875,124.71010766120962,121.99986726075039,122.67255550329261,83466700
2021-04-08,127.0888671875,127.11811320514343,125.29504201784057,125.71424485466245,88844600
2021-04-09,129.66261291503906,129.70160264420477,126.22119287511026,126.54291392534559,106686700
2021-04-12,127.9468002319336,129.51640109938154,127.35210636598374,129.19468000377913,91420000
2021-04-13,131.0566864013672,131.28092562881977,128.6194199143145,129.11663179824546,91266500
2021-04-14,128.71697998046875,131.6124551846021,128.35626912284386,131.55396314021985,87222800
2021-04-15,131.12498474121094,131.61243821608534,130.286564169391,130.46205515581354,89347100
2021-04-16,130.7935028076172,131.29069993150603,129.93558004398386,130.92998916765907,84922400
2021-04-19,131.45643615722656,132.07063223335706,129.99407588140957,130.1598082608944,94264200
2021-04-20,129.76986694335938,132.12914001786334,128.5024849113631,131.63194282012853,94812300
2021-04-21,130.1501007080078,130.3938274883599,128.00530801609,129.03870718463844,68847100
2021-04-22,128.6292266845703,130.78376273570044,128.11252718583415,129.7016154150474,84566500
2021-04-23,130.94952392578125,131.72943767595572,128.8437210981472,128.8437210981472,78657500
2021-04-26,131.3394317626953,131.67089647035067,130.2085364209227,131.44667209468918,66905100
2021-04-27,131.0177459716797,132.01215523774303,130.7447732125093,131.62218352757128,66015800
2021-04-28,130.22808837890625,131.63195694182536,129.74063484322053,130.93976637575503,107760100
2021-04-29,130.13058471679688,133.63051222031285,129.12643167740748,133.04556205861587,151101000
2021-04-30,128.16128540039062,130.2085812488916,127.78107225167611,128.4732479162047,109839500
2021-05-03,129.2141571044922,130.70577838338053,128.5219815192614,128.7267036427075,75135100
2021-05-04,124.641845703125,128.19051366277054,123.52070128030383,127.89803861753046,137564700
2021-05-05,124.88558197021484,127.17660429874773,124.75883931076572,125.9579706529646,84000900
2021-05-06,126.48442077636719,126.49416448959799,123.9399058507591,124.68083714349731,78128300
2021-05-07,127.15825653076172,128.1836356126159,126.44535491426944,127.78325616498553,78973300
2021-05-10,123.87699890136719,126.50394796231055,123.83793549239249,126.3770049216638,88071200
2021-05-11,122.95903778076172,123.3105935686965,119.89262343355486,120.60551762571262,126142800
2021-05-12,119.89261627197266,121.71879146016067,119.3848068747701,120.50785562792139,112172300
2021-05-13,122.04107666015625,123.19342127323375,121.34771783923617,121.66021769444781,105861300
2021-05-14,124.46294403076172,124.89263410961189,122.90044481301196,123.29107148009538,81918000
2021-05-17,123.31059265136719,123.95512773405065,122.23637496414497,123.84770522027007,74244600
2021-05-18,121.92388916015625,124.01373338582823,121.8555300481234,123.5938109974595,63342900
2021-05-19,121.76762390136719,121.99222918408067,119.98051210138631,120.27348393601976,92612000
2021-05-20,124.32621765136719,124.72661200774762,122.16801458440843,122.29497252696002,76857100
2021-05-21,122.49028778076172,125.00005419589023,122.27544274551913,124.8242725716539,79295400
2021-05-24,124.12114715576172,124.94146389287052,122.98833802904868,123.05669713625909,63092900
2021-05-25,123.92583465576172,125.31255964913692,123.35942638033971,124.82427074399982,72009500
2021-05-26,123.87699890136719,124.40434374665045,123.45707656811848,123.98442141340175,56575900
2021-05-27,122.34380340576172,124.6484925303121,122.14849379883397,123.4766199875777,94625600
2021-05-28,121.68951416015625,122.85162649652436,121.63092276524166,122.62701373171124,71311100
2021-06-01,121.36724090576172,122.41216295280358,121.0352130826755,122.14849423744593,67637100
2021-06-02,122.12895965576172,122.30474128408406,121.14263644461568,121.3672417498929,59278900
2021-06-03,120.64459991455078,121.92389512399187,120.24420548835592,121.75788119387512,76229200
2021-06-04,122.93951416015625,123.20319033966574,120.94732476737572,121.16216981717328,75169300
2021-06-07,122.94927978515625,123.35943444565716,121.90435770211774,123.21294850959707,71057600
2021-06-08,123.76956939697266,125.44926608565649,123.25199229581943,123.63285119857683,74403800
2021-06-09,124.15043640136719,124.75590806990476,123.55473244780471,124.22856322000109,56877900
2021-06-10,123.15435791015625,125.18561069515118,122.98834399182276,124.04302634697638,71186400
2021-06-11,124.36526489257812,124.45315941450131,123.14456145340759,123.56448373450556,53522400
2021-06-14,127.42191314697266,127.4805045322462,124.0918377902917,124.82425990854335,96906500
2021-06-15,126.60161590576172,127.53912286216541,126.35747517662371,126.89458776096085,62746300
2021-06-16,127.09967803955078,127.82234007827095,125.44929896252637,127.31452310778732,91815000
2021-06-17,128.70123291015625,129.4434303366887,126.61138865865254,126.75788205128507,96721700
2021-06-18,127.40241241455078,128.42779161848907,127.18756736772201,127.64655315856818,108953300
2021-06-21,129.19927978515625,129.30670230447237,126.18170388050524,127.24615390753081,79663300
2021-06-22,130.83990478515625,130.93756704429327,128.53521554050778,129.03327220047046,74783600
2021-06-23,130.5664825439453,131.17196179435507,130.10749669817656,130.63484911301182,60214200
2021-06-24,130.2832794189453,131.4844477920528,129.8145184284701,131.29889842930257,68711000
2021-06-25,129.99029541015625,130.7520133222248,129.69732354370646,130.33209840454234,70783700
2021-06-28,131.62112426757812,132.08010994524813,130.22464670870133,130.28323808863115,62111300
2021-06-29,133.1348419189453,133.2910955826677,131.2012512591816,131.64070164987749,64556100
2021-06-30,133.75001525878906,134.1894654321491,132.6855507396485,132.9785224889426,63261400
2021-07-01,134.0528106689453,134.1114020662822,132.57819096384344,133.3985152300678,52485800
2021-07-02,136.6797637939453,136.71881975736173,134.52155301126126,134.66803150053377,78852600
2021-07-06,138.69146728515625,139.79497322979873,136.78717260963688,136.78717260963688,108181800
2021-07-07,141.1816864013672,141.4941787382535,139.3164479398055,140.17581304211686,104911600
2021-07-08,139.88284301757812,140.68361666296613,137.3730697887236,138.2617453998003,105575500
2021-07-09,141.7090301513672,142.23636751298437,139.30667907892771,139.4043413205293,99890800
2021-07-12,141.1133575439453,142.89070940744068,140.62507602995242,142.78328687831547,76299700
2021-07-13,142.22665405273438,144.0040061068398,140.2637675203964,140.65438681301453,100827100
2021-07-14,145.65435791015625,146.06452746184092,144.218809182764,144.62897873444868,127050800
2021-07-15,145.00006103515625,146.48444087501676,143.64263914576114,145.74225840567044,106820300
2021-07-16,142.95904541015625,146.25005768557594,142.46100368486307,144.98053780920102,93251400
2021-07-19,139.1113739013672,140.69341583864048,138.3496560764886,140.38090857655365,121434600
2021-07-20,142.72463989257812,143.65238642562363,139.60941723835447,140.09769861315104,96350000
2021-07-21,141.99224853515625,142.7051502253578,141.24030578420624,142.11920648842988,74993500
2021-07-22,143.35946655273438,144.72664893696307,142.39266371599166,142.51962168780233,77338200
2021-07-23,145.0782012939453,145.23445495496276,143.47663852143975,144.09187799846512,71447400
2021-07-26,145.4981231689453,146.31843249256286,144.23834858516193,144.79499663408214,72434100
2021-07-27,143.33010864257812,145.712923964745,142.1387009814947,145.62502199870536,104818600
2021-07-28,141.5820770263672,143.52544245138444,139.19926130154866,141.41606313093854,118931200
2021-07-29,142.22665405273438,143.11533007978707,141.19149951624257,141.2989220568882,56699500
2021-07-30,142.44149780273438,142.90048366291484,140.73251233645365,140.9961885521505,70440600
2021-08-02,142.10943603515625,143.50591381637727,141.8457598823253,142.92974528711127,62880000
2021-08-03,143.9062957763672,144.5703513322944,141.77738110937673,142.39262044590672,64786600
2021-08-04,143.50588989257812,144.3261990077798,142.85159465298884,143.8183971180824,56368300
2021-08-05,143.6133270263672,144.37504483971543,142.7441867059485,143.53520021202812,46397700
2021-08-06,142.92869567871094,143.87738193750994,142.42990787270435,143.13408767147246,54126800
2021-08-09,142.87986755371094,143.47646423109828,142.32240028793802,142.98745105040368,48908700
2021-08-10,142.4005889892578,144.46422440880676,142.1071782098756,143.22212723273427,69023100
2021-08-11,142.6549072265625,143.49601038555826,142.3321567782099,142.84073459896211,48493500
2021-08-12,145.61831665039062,145.77480442008488,142.63533383088497,142.97764896165427,72282600
2021-08-13,145.82366943359375,146.15619466200167,145.01190613589833,145.69652128952967,59375000
2021-08-16,147.79930114746094,147.8677701385214,143.25148569982673,145.27599198977236,103296000
2021-08-17,146.8897247314453,148.3469738946529,145.81389018106398,146.92883920441727,92229700
2021-08-18,143.14389038085938,147.4080844695857,142.938498348175,146.50830231259667,86326000
2021-08-19,143.47640991210938,144.74784668525945,141.32475571635126,141.8431082977637,86960300
2021-08-20,144.93370056152344,145.23688628655097,143.5546800797901,144.20018093381358,60549600
2021-08-23,146.4202880859375,146.88973641640624,144.6402734925246,145.05104264712142,60131800
2021-08-24,146.332275390625,147.54503325209566,145.87260188236166,146.16601272730568,48606400
2021-08-25,145.09994506835938,147.0168826886461,144.5522528692755,146.51807985316438,58991300
2021-08-26,144.2979736328125,145.84325676235127,144.2686340417797,145.09018736118287,48597200
2021-08-27,145.3346405029297,145.4813384041936,143.6035306505683,144.23924145403117,55802400
2021-08-30,149.75535583496094,150.11723565003402,145.3444633733459,145.7258929660488,90956700
2021-08-31,148.49365234375,149.44233852107337,147.96551007828714,149.30541551215498,86453100
2021-09-01,149.15872192382812,151.57444704677317,148.9924593146708,149.47169736941174,80313700
2021-09-02,150.2737274169922,151.32022266828497,149.05119460389105,150.4888943859777,71115500
2021-09-03,150.90943908691406,151.23218950970838,149.7260208700016,150.38129660470707,57808700
2021-09-07,153.24688720703125,153.80435423363667,150.99742455621305,151.56468139327094,82278300
2021-09-08,151.70159912109375,153.58918195944025,150.59642507001544,153.53050279274424,74420200
2021-09-09,150.68447875976562,152.67964530991367,150.56710548729126,152.073273942186,57305700
2021-09-10,145.6965789794922,152.06352481455383,145.4325077001403,151.594076369537,140893200
2021-09-13,146.26380920410156,148.09271327265083,145.48138532354497,147.32007920432878,102404300
2021-09-14,144.865234375,147.75042357206001,143.6818310431746,147.0462435219262,109296300
2021-09-15,145.75521850585938,146.1562127610325,143.15366567640987,145.29554507646444,83281300
2021-09-16,145.52049255371094,145.69654500672686,143.98499938228917,145.1781923829195,68034100
2021-09-17,142.85047912597656,145.54984051172312,142.55706833315722,145.54984051172312,129868800
2021-09-20,139.799072265625,141.65731614069242,138.16577024578245,140.64017542374413,123478900
2021-09-21,140.2782440185547,141.42254742441006,139.6425331695155,140.76725695581268,75834000
2021-09-22,142.64512634277344,143.2123684025319,140.5423610718935,141.27588071728283,76404300
2021-09-23,143.6035919189453,143.84809847436335,142.4397383273961,143.4275394388265,64838200
2021-09-24,143.69158935546875,144.22950668219346,142.3614732946102,142.45928187164873,53477900
2021-09-27,142.17564392089844,142.75269063959104,140.65971546291632,142.27345249653945,74150700
2021-09-28,138.79168701171875,141.56927754565646,138.5765200764918,140.10223840010562,108972300
2021-09-29,139.6914520263672,141.27584933291644,138.90902826040127,139.33936207785715,74602000
2021-09-30,138.3906707763672,141.20739026450596,138.17550387527373,140.50321039247126,89056700
2021-10-01,139.51539611816406,139.77946730384753,136.0531908135578,138.7818766539813,94639600
2021-10-04,136.08251953125,139.08506612814298,135.23164179626298,138.64494254598642,98322000
2021-10-05,138.00921630859375,139.11439019866032,136.29767121968868,136.42481934466664,80861100
2021-10-06,138.8796844482422,139.02638237086833,135.32944548577333,136.40527999667046,83221100
2021-10-07,140.14134216308594,141.0509141240026,139.5838750906148,139.91640035654444,61732700
2021-10-08,139.75990295410156,141.01177498221017,139.42737771114903,140.86507705840515,58773200
2021-10-11,139.67189025878906,141.62794225299882,138.69386426168418,139.14376278668908,64452200
2021-10-12,138.40048217773438,140.1022531380476,137.94080866989395,140.08268843547052,73035900
2021-10-13,137.8136749267578,138.29289821199288,136.14124356444967,138.1364253624136,78762700
2021-10-14,140.60101318359375,140.71838645223315,138.4004546711347,138.98727624385413,69907100
2021-10-15,141.6572723388672,141.7159515069994,140.35649605913446,140.6107923523626,67940300
2021-10-18,143.32968139648438,143.6133023070473,140.01417459106327,140.29779550162618,85589200
2021-10-19,145.4911346435547,145.89212886384934,143.32970565575582,143.7795892346543,76378900
2021-10-20,145.9801483154297,146.45938640466994,144.8651993263839,145.43245616972183,58418800
2021-10-21,146.19532775878906,146.35181550626882,144.62070524306984,145.54005210514717,61421000
2021-10-22,145.4226837158203,146.87993285856993,145.3737794326728,146.40070968480316,58883400
2021-10-25,145.37379455566406,146.08774940871533,144.3762037849461,145.41290903215594,50720600
2021-10-26,146.0388641357422,147.52545305998103,145.73566350958762,146.04863902426567,60893400
2021-10-27,145.5791778564453,146.43983059903536,145.22708789518356,146.07796575011088,56094900
2021-10-28,149.21743774414062,149.804244404835,146.43005760449074,146.5278661763529,100077900
2021-10-29,146.50830078125,146.6452238271108,143.19279317037723,143.98499185882136,124953200
2021-11-01,145.6868133544922,146.41054331085974,144.55229919367534,145.71615295145313,74588300
2021-11-02,146.72349548339844,148.23943908616494,145.3835894342909,145.39337924738012,69122000
2021-11-03,148.1611785888672,148.63062693615777,146.52787680010098,147.08534391435344,54511500
2021-11-04,147.64283752441406,149.0805222679595,147.32986198602657,148.249208975671,60394600
2021-11-05,148.1717071533203,149.07280247570614,146.9767728258522,148.76917431705436,65463900
2021-11-08,147.34898376464844,148.45577097835087,147.07473798616405,148.29905483485294,55020900
2021-11-09,147.7113800048828,148.3186363926463,146.97678987957883,147.1139127718246,56787900
2021-11-10,144.8807830810547,147.04538223791627,144.81222909664123,146.93764173788648,65187100
2021-11-11,144.83180236816406,146.35974762793103,144.6457037886557,145.8994181750369,41000000
2021-11-12,146.90823364257812,147.3097982131486,144.449795829464,145.38027365145768,63804000
2021-11-15,146.9180145263672,148.7593917575851,146.3597188974358,147.28040751304476,59222800
2021-11-16,147.89747619628906,148.37741378411212,146.27157982474884,146.85925789370467,59256200
2021-11-17,150.33631896972656,151.8152883338415,147.88768528692268,147.89747444135526,88807000
2021-11-18,154.62631225585938,155.40987800940817,149.90535437132496,150.55179723889825,137827700
2021-11-19,157.25125122070312,157.71159552855715,153.31384424629613,154.41082730572364,117305600
2021-11-22,157.71156311035156,162.29539704811214,157.69196986109688,158.35799088305382,117467900
2021-11-23,158.09356689453125,158.47555309859132,155.79184557181551,157.80951705712113,96041900
2021-11-24,158.61270141601562,158.8085891260157,156.35995538782916,157.44714936539495,69463600
2021-11-26,153.58810424804688,157.15331446693773,153.14735315261942,156.29140553118123,76959800
2021-11-29,156.94760131835938,157.87807895924246,155.52738208486963,156.0954667892113,88748200
2021-11-30,161.9036407470703,162.11912167836516,156.63417697403202,156.70274588184037,174048100
2021-12-01,161.384521484375,166.80089693903759,161.14944731636166,164.03883150964717,152052500
2021-12-02,160.39529418945312,160.82625610567675,154.55775990226203,155.47844855141722,136739200
2021-12-03,158.51475524902344,161.57066041655554,156.43831855392804,160.64997170977935,118023100
2021-12-06,161.92323303222656,164.43063118657795,160.90459319122638,160.91438234430973,107497000
2021-12-07,167.66282653808594,168.05461686688494,164.88118245734097,165.60598335666447,120405400
2021-12-08,171.48269653320312,172.34462027485748,167.19268602213367,168.593312102322,116998900
2021-12-09,170.97337341308594,173.11837862863902,170.3465238704593,171.3161880617465,108923700
2021-12-10,175.76290893554688,175.93921831838114,171.1007161505561,171.61003610118843,115402700
2021-12-13,172.12921142578125,178.38792043665694,171.92351955755444,177.39866256107248,153237000
2021-12-14,170.7481689453125,174.08810972020134,168.6717318396468,171.6492645750406,139380400
2021-12-15,175.61595153808594,175.81183917764233,168.7695686878631,171.5120404774595,131063300
2021-12-16,168.7206268310547,177.4181772656769,167.2416576691539,175.5963934569458,150185800
2021-12-17,167.62367248535156,169.90580094866743,166.20346789014454,166.43852716670187,195432700
2021-12-20,166.26222229003906,167.07517044282818,164.01928047689202,164.82242453025603,107499100
2021-12-21,169.43565368652344,169.6413305368034,165.64515876193008,168.03502751462352,91185900
2021-12-22,172.03118896484375,172.24666990143447,168.61289133008395,169.48460422982922,92135300
2021-12-23,172.65805053710938,173.21634616947264,171.66880794684926,172.23689273327608,68356600
2021-12-27,176.62484741210938,176.71299463822913,173.43183445537653,173.4514127643316,74919600
2021-12-28,175.60618591308594,177.60427913199814,174.86180674158715,176.4583204970068,79144300
2021-12-29,175.69435119628906,176.91866791508298,174.4798236309474,175.6453755384828,62348900
2021-12-30,174.5386199951172,176.85993507638065,174.4308795065752,175.7825301909609,59773000
2021-12-31,173.92156982421875,175.5474513193314,173.61792667706044,174.43087489725414,64062300
2022-01-03,178.27029418945312,179.12242874444533,174.0586568508519,174.1761864672901,104487900
2022-01-04,176.00779724121094,179.1812320747434,175.43971239750775,178.8776038701533,99310400
2022-01-05,171.3260040283203,176.46813489136744,171.05175824457976,175.9196433238863,94537600
2022-01-06,168.46600341796875,171.69820298422886,168.11339955718992,169.15161788468467,96904000
2022-01-07,168.6324920654297,170.5620164817169,167.5159157741246,169.3376997173353,86709100
2022-01-10,168.652099609375,168.95572780142643,164.7146923768041,165.60599864366586,106765600
2022-01-11,171.48269653320312,171.58063290230876,167.3102305884416,168.77941063247667,76138300
2022-01-12,171.92347717285156,173.53956952156884,171.22807353490404,172.50135116951776,74805200
2022-01-13,168.652099609375,172.9910714162829,168.26030924441002,172.16833406776786,84505800
2022-01-14,169.51400756835938,170.20941111487983,167.57467907053888,167.81954242119846,80440800
2022-01-18,166.31118774414062,168.99488045377709,165.92920152184269,167.98604466295757,90956700
2022-01-19,162.81451416015625,167.56486853489844,162.5304792855551,166.50705720159695,94815000
2022-01-20,161.12986755371094,166.19363965286126,160.8066461501134,163.54911855874857,91420500
2022-01-21,159.0730438232422,162.91249968467412,158.965303342259,161.04173994454513,122848900
2022-01-24,158.29925537109375,158.9652914615593,151.5214395660685,156.73213888196668,162294600
2022-01-25,156.4970703125,159.41583739515477,153.79378418345803,155.71350456711474,115798400
2022-01-26,156.40892028808594,161.01234841002858,154.57734716045317,160.14063545703362,108275300
2022-01-27,155.9485626220703,160.47363228871149,155.02787408749768,159.11219273840805,121954600
2022-01-28,166.83030700683594,166.8499002604039,159.4550237648548,162.30523687541563,179935700
2022-01-31,171.1888885498047,171.40436952425716,166.0271642085972,166.66381797685227,115541600
2022-02-01,171.0223846435547,171.2476547749565,168.76963849371157,170.43470653654342,86213900
2022-02-02,172.2270965576172,172.266283066221,169.7686736999572,171.15949584991125,84914300
2022-02-03,169.3474884033203,172.618874147118,168.58351594007854,170.89502658265624,89418100
2022-02-04,169.0631103515625,170.7401162961765,167.38610440694853,168.3668057872498,82465400
2022-02-07,168.34718322753906,170.5929825465771,167.65087874308003,169.52402175607514,77251200
2022-02-08,171.4560089111328,171.9659777736799,168.12161553517308,168.41582891603926,74829200
2022-02-09,172.87802124023438,173.2408759269309,171.5246486789991,172.65246413479986,71285000
2022-02-10,168.7982940673828,172.09345086021537,168.23930213729957,170.77931477893978,90865900
2022-02-11,165.38543701171875,169.73975239812015,164.79701035138444,169.00422655485806,98670700
2022-02-14,165.62081909179688,166.30730692089233,163.3455851847236,164.13995074155633,86185500
2022-02-15,169.45538330078125,169.61229911156767,166.96440840288716,167.67051458711066,62527400
2022-02-16,169.22000122070312,169.994748612644,166.76824813134002,168.53351334854412,61177400
2022-02-17,165.62081909179688,168.5923424525554,165.21872801892943,167.72932063065696,69589300
2022-02-18,164.0713348388672,167.24879755806595,162.98275576839345,166.54270637048876,82772700
2022-02-22,161.14881896972656,163.47307588961104,159.02068432123022,161.7960703511054,91162800
2022-02-23,156.98086547851562,162.94351625967545,156.6670338772365,162.34528786351217,90009200
2022-02-24,159.5993194580078,159.70719718910948,149.06658313119078,149.6353916256984,141147500
2022-02-25,161.66860961914062,161.9333881865455,157.76540780776472,160.6780917637284,91974200
2022-02-28,161.93338012695312,162.2275934848512,159.29529145951147,159.91313801466617,95056600
2022-03-01,160.05043029785156,163.38482330332894,158.84417203107242,161.52148207442062,83474400
2022-03-02,163.3456268310547,164.1301909633288,159.80529409089044,161.2175065361206,79724800
2022-03-03,163.02197265625,165.65025991761865,162.35510295615475,165.21874895199736,76678400
2022-03-04,160.02102661132812,162.35510045432284,158.9716840195684,161.3155594882437,83737200
2022-03-07,156.2257080078125,161.8353202073776,155.9707161123603,160.2073525837716,96418800
2022-03-08,154.40162658691406,159.73664445127486,152.7932769334802,155.75499927047608,131148300
2022-03-09,159.80526733398438,160.25639649791017,156.33359145766846,158.36363528455044,91454900
2022-03-10,155.4607391357422,157.29464536374437,152.96975001662787,157.1083097645613,105342000
2022-03-11,151.74391174316406,156.2061057623046,151.51835462854714,155.86285431301891,96970100
2022-03-14,147.71322631835938,151.1456808985897,147.20327241217439,148.527210200246,108732100
2022-03-15,152.09695434570312,152.56770172333492,147.47785980558257,147.9878136848799,92964300
2022-03-16,156.51011657714844,156.9122077008172,151.47912909347468,154.01914186419623,102300200
2022-03-17,157.52024841308594,157.89291972026123,154.58796090972857,155.54904405714797,75615400
2022-03-18,160.81539916992188,161.30574983268542,156.67683837905244,157.41236437319773,123511700
2022-03-21,162.18838500976562,163.13966646337798,159.8641127641069,160.3544634117704,95811400
2022-03-22,165.56199645996094,166.1504082464849,161.72745088254396,162.31586266906788,81532000
2022-03-23,166.9251708984375,169.30826781804822,164.41456305995604,164.74801286692667,98062700
2022-03-24,170.71066284179688,170.77930414345957,166.92515566056534,167.7587426911126,90131400
2022-03-25,171.34814453125,171.89733490405604,169.4161616355689,170.52435897204094,80546200
2022-03-28,172.21119689941406,172.33867792424036,168.68066535964775,168.84738282620364,90371900
2022-03-29,175.50631713867188,175.55534023387025,172.93686947046768,173.28012092274494,100589400
2022-03-30,174.3393096923828,176.14379685936692,173.28995190542918,175.10425566456775,92633200
2022-03-31,171.24026489257812,174.59426174462104,171.03431102289065,174.40792609212167,103049300
2022-04-01,170.946044921875,171.5050518578882,168.62178757896973,170.67144974905557,78751300
2022-04-04,174.99635314941406,175.0453912102986,171.0735477076942,171.20104367313095,76468400
2022-04-05,171.68154907226562,174.85902633621265,171.05390090505156,174.07446238611692,73401800
2022-04-06,168.513916015625,170.27918145157616,166.846726701127,169.03368653783352,89058800
2022-04-07,168.81790161132812,170.01435825576067,166.57210247899573,167.8568186387604,77594700
2022-04-08,166.80746459960938,168.46485203266047,165.93464112451483,168.46485203266047,76575500
2022-04-11,162.55123901367188,165.76793805160875,162.306063690876,165.4541214198734,72246700
2022-04-12,164.42437744140625,166.59171885387798,163.4240579625581,164.77743049486364,79265200
2022-04-13,167.11148071289062,167.73912889065093,163.55154548536066,164.15957544885293,70618900
2022-04-14,162.10011291503906,167.96471752203973,161.85493758758528,167.32725269207126,75329400
2022-04-18,161.88436889648438,163.38484067093813,160.41331696354428,160.75655343597518,69023900
2022-04-19,164.16940307617188,164.5813108194766,160.74676487778993,161.83534399523174,67723800
2022-04-20,164.00265502929688,165.62082096364503,162.89447286562967,165.5031266456754,67929800
2022-04-21,163.2082977294922,168.21968163880754,162.70814548680565,165.65024919174274,87227800
2022-04-22,158.66766357421875,164.63032953066207,158.38326676927218,163.24755201100473,84882400
2022-04-25,159.73663330078125,160.0210300948507,155.40193532965264,158.01058942731927,96046400
2022-04-26,153.77395629882812,159.20703454434567,153.69549840448505,159.11877502482716,95623200
2022-04-27,153.5484161376953,156.70626068843154,152.38137914765707,152.90114966122312,88063200
2022-04-28,160.48196411132812,161.3449860653006,155.862854289535,156.17668589618484,130216800
2022-04-29,154.60757446289062,162.9925746827483,154.21529987659397,158.71671584912355,131747600
2022-05-02,154.91162109375,155.17639973396098,150.31212849909627,153.68574417467673,123055300
2022-05-03,156.4022674560547,157.6085410477987,153.303262159751,155.09793269514185,88966500
2022-05-04,162.8160400390625,163.26715427373458,156.18648942865437,156.58858056796436,108256500
2022-05-05,153.74453735351562,160.91346101284063,151.95965391653039,160.68790391798768,130525300
2022-05-06,154.47132873535156,156.59275954886184,151.42668182783396,153.22400390708842,116124600
2022-05-09,149.34454345703125,153.047223819661,148.78473018495143,152.163286830581,131577900
2022-05-10,151.75079345703125,153.9409814618481,150.19900690567323,152.74276671948687,115366700
2022-05-11,143.88380432128906,152.6739723047499,143.20612393725827,150.75879838442233,142689800
2022-05-12,140.01422119140625,143.5892190057079,136.32137108215858,140.22047769386583,182602000
2022-05-13,144.48294067382812,145.45526685384394,140.55437184575726,142.00793811597927,113990900
2022-05-16,142.9409637451172,144.88561601712348,141.60524980458257,142.95079475797485,86643800
2022-05-17,146.5749053955078,147.0954395557584,144.06060880808,146.2016865687997,78336300
2022-05-18,138.3052520751953,144.728454553279,137.40166819210114,144.22756749777338,109742900
2022-05-19,134.8972625732422,139.13029385475133,134.1606557844978,137.38208160836896,136095600
2022-05-20,135.13294982910156,138.18741285426975,130.24188557508393,136.60616321771064,137426100
2022-05-23,140.5543670654297,140.70168239695178,135.19186420352216,135.3293635083762,117726300
2022-05-24,137.8534698486328,139.43471927603565,134.87758039617586,138.2954308094958,104132700
2022-05-25,138.0106201171875,139.25792986661668,135.8695424217508,135.95793161918118,92482700
2022-05-26,141.21241760253906,141.7624148884754,134.69099338044722,134.93652895354754,90601500
2022-05-27,146.96775817871094,147.00703727273068,142.66597054796807,142.79365382955837,90978500
2022-05-31,146.18203735351562,147.9695433008326,144.2177530085784,146.40794084331958,103718400
2022-06-01,146.0543670654297,149.03025660842948,145.04274685421817,147.2231036462002,74286600
2022-06-02,148.5097198486328,148.5686459793301,144.2373955374819,145.1900746138875,72348100
2022-06-03,142.78384399414062,145.327588805216,141.88027492949882,144.27668941243508,88570300
2022-06-06,143.53025817871094,145.91687147884687,142.31239647541148,144.40436412307008,71598400
2022-06-07,146.0543670654297,146.33918169758047,141.52669111278408,141.77222665254513,67808200
2022-06-08,145.31777954101562,147.1936599216941,144.8267083969664,145.92670296402,53950200
2022-06-09,140.09278869628906,145.3079623441927,139.98475243487303,144.45350326791345,69473000
2022-06-10,134.68116760253906,138.2463336751748,134.61241045362357,137.7749096051149,91437900
2022-06-13,129.52491760253906,132.78562190034356,129.09277263849617,130.49722878533498,122207100
2022-06-14,130.38919067382812,131.49901613498997,129.1320498799016,130.75259347181498,84784300
2022-06-15,133.01150512695312,134.88740024350506,129.79991106375064,131.8918636674431,91533000
2022-06-16,127.7374038696289,130.0257968459268,126.7356146942801,129.72133518143346,108123900
2022-06-17,129.21063232421875,130.70349274398822,127.49188338256819,127.74724995941777,134520300
2022-06-21,133.4436492919922,134.61240084976376,130.93919879539584,131.0374040187389,81000500
2022-06-22,132.93296813964844,135.29991972582334,131.5186808102628,132.38295585554104,73409200
2022-06-23,135.8008270263672,136.11510478571114,133.20797181999205,134.37672361512418,72433800
2022-06-24,139.13026428222656,139.37579982628543,137.27401616859356,137.40168446081998,89116800
2022-06-27,139.13026428222656,140.92758626309347,138.45258378281605,140.1516855515393,70207900
2022-06-28,134.98561096191406,140.85881645152855,134.867758706979,139.5918597520797,67083400
2022-06-29,136.74362182617188,138.1579086560139,134.2293407892514,135.00524133526338,66242400
2022-06-30,134.27850341796875,135.89903230248103,131.38118647998766,134.79903766505709,98964500
2022-07-01,136.448974609375,136.55701082387264,133.23738120678476,133.61058495898823,71051600
2022-07-05,139.03204345703125,139.08115356288656,134.4847204054961,135.3097312194843,73353800
2022-07-06,140.3677520751953,141.54631963942614,138.56061414428805,138.82579671678738,74064300
2022-07-07,143.73654174804688,143.93296722465507,140.72135748073458,140.73117350935885,66253700
2022-07-08,144.4141845703125,144.91508669074653,142.41062104747897,142.66597262808202,64547800
2022-07-11,142.28292846679688,144.02132426836204,141.2123971200697,143.0686451840122,63141600
2022-07-12,143.25527954101562,145.79902455570198,142.45974665881124,143.15705931439427,77588800
2022-07-13,142.89190673828125,143.83475507348882,139.58207657696678,140.43655067698472,71185600
2022-07-14,145.81869506835938,146.29011926215387,140.69191012864167,141.50709018463715,78140700
2022-07-15,147.48826599121094,148.1659463857876,145.5534450044304,147.10523120118472,76259900
2022-07-18,144.4436798095703,148.86332029894717,144.08027695642463,148.04814036588357,81420900
2022-07-19,148.303466796875,148.52935529848105,144.28650894193657,145.27846713272842,82982400
2022-07-20,150.30703735351562,150.97490184976564,147.6847194489196,148.42132610705224,64823400
2022-07-21,152.5758056640625,152.79187815956976,149.2266969700013,151.7409787508479,65086600
2022-07-22,151.3383026123047,153.48919663577172,150.6704530452512,152.61509059283281,66675400
2022-07-25,150.21865844726562,152.27133221190695,149.56062491925485,151.2597268643066,53623900
2022-07-26,148.89276123046875,150.3561434947877,148.1070444852617,149.54096368293668,55138700
2022-07-27,153.9900665283203,154.5204317003286,149.4427584043403,149.8552563235132,78620700
2022-07-28,154.54010009765625,154.8249147765774,151.6525992780924,154.1766972484503,81378700
2022-07-29,159.60794067382812,160.70795024668809,156.6516977293032,158.3606307359644,101786900
2022-08-01,158.6257781982422,160.66863573230555,158.01685484186865,158.13470710792794,67829400
2022-08-02,157.152587890625,159.50973846034333,156.7793839981374,157.24099208938756,59907000
2022-08-03,163.163330078125,163.61510721297174,157.87939889943473,157.96778812325633,82507500
2022-08-04,162.84898376464844,164.20434469622828,161.49362283306857,163.04540919289056,55474100
2022-08-05,162.622802734375,163.1145559751719,160.31155649978248,160.51809946404907,56697000
2022-08-08,162.1507110595703,165.04222255656555,161.49176350864772,163.62597080235415,60276900
2022-08-09,162.1998748779297,163.0850396486981,160.5574209787257,161.31472511427808,63135500
2022-08-10,166.4486541748047,166.54699582568117,164.14723743893427,164.91437134851807,70170500
2022-08-11,165.7110137939453,168.1697800173322,165.41595884571527,167.25511117853088,57149200
2022-08-12,169.26145935058594,169.33029699566112,166.60598003496278,167.01906593388134,68039400
2022-08-15,170.33348083496094,170.5301791193321,168.52383260735886,168.6910268994302,54091700
2022-08-16,170.17613220214844,170.84492444042124,168.82873307006977,169.93025557179138,56377100
2022-08-17,171.6710662841797,173.24466771389544,169.72372757411412,169.92042587693876,79542000
2022-08-18,171.27764892578125,172.01527879196829,170.26463844345383,170.88425233332873,62290100
2022-08-19,168.69105529785156,170.87444113830458,168.48451230986507,170.17614485304702,70346300
2022-08-22,164.8061981201172,167.05842149370653,164.38328250419255,166.89122718275175,69026800
2022-08-23,164.47177124023438,165.92737151886493,163.90133572678997,164.32425128292837,54147100
2022-08-24,164.76686096191406,165.33729659583858,163.50797370329437,164.56033297806545,53841500
2022-08-25,167.2256317138672,167.33381804385021,165.57334777280303,165.99624842184198,51218200
2022-08-26,160.92132568359375,168.2287866440609,160.8623176958489,167.75670773498427,78961000
2022-08-29,158.71827697753906,160.21319598841637,157.18400930436007,158.49205968709833,73314000
2022-08-30,156.2890167236328,159.87880933569366,155.118641623387,159.45590875707995,77906200
2022-08-31,154.62686157226562,157.9314433381074,154.54817926746995,157.66589243531146,87991100
2022-09-01,155.3546905517578,155.8070951296429,152.11894582091065,154.05645479166745,74229900
2022-09-02,153.24012756347656,157.71508462008887,152.41398580114964,157.11514512449315,76957800
2022-09-06,151.9812774658203,154.4990520231096,151.1551355030448,153.88928271826865,73714800
2022-09-07,153.38768005371094,154.08596126340717,151.07643378022465,152.26648324611122,87449600
2022-09-08,151.9124298095703,153.7810862700933,150.1617743268103,152.0894537868935,84923800
2022-09-09,154.7744598388672,155.21704990320754,152.19767683305216,152.90580292744943,68028800
2022-09-12,160.7344512939453,161.5507634451195,156.67257987610813,156.9577901423654,104956000
2022-09-13,151.30262756347656,157.89211772902357,150.8403783347764,157.26267420589616,122656600
2022-09-14,152.74839782714844,154.5088829319825,151.0764397160354,152.23697022602627,87965400
2022-09-15,149.85687255859375,152.67954626691656,148.88321078041434,152.09926605765543,90481100
2022-09-16,148.2144012451172,148.85368936524756,145.92282969048466,148.71599907903905,162278800
2022-09-19,151.93206787109375,152.0107501857091,146.64081352548533,146.84734147012324,81474200
2022-09-20,154.31214904785156,155.47269441025097,150.5551623818667,150.86987662798256,107689800
2022-09-21,151.1846466064453,156.12185429489176,151.06663060825102,154.74493595176793,101696800
2022-09-22,150.2207794189453,151.9222413623521,148.42096082844884,149.8667164993867,86652500
2022-09-23,147.94886779785156,148.97172290795524,146.10971554201328,148.69634230303134,96029900
2022-09-26,148.2832794189453,151.2337989231627,147.1719122700789,147.19158660210013,93339400
2022-09-27,149.25694274902344,152.16812862553914,147.47679836474876,150.22078993520137,84442700
2022-09-28,147.36863708496094,148.15544542907958,142.45110369312064,145.2049253939754,146691400
2022-09-29,140.13002014160156,144.30009364647282,138.35970520995244,143.69032433945154,128138200
2022-09-30,135.92059326171875,140.739784043771,135.72389496609006,138.9497950371784,124925300
2022-10-03,140.1004638671875,140.71024795379824,135.41897946775094,135.93040692542345,114311700
2022-10-04,143.6903076171875,143.80832359652302,141.88064422703837,142.6379484443843,87830100
2022-10-05,143.9853515625,144.94919877755754,140.65126498965273,141.6937945288243,79471000
2022-10-06,143.03134155273438,145.1065408456924,142.8248135939426,143.40507882099124,68402200
2022-10-07,137.77938842773438,140.73975187630668,137.14994502131725,140.18897576446645,85925600
2022-10-10,138.10400390625,139.54975990235764,136.28452558280455,138.10400390625,74899000
2022-10-11,136.6876983642578,139.0186184488053,135.94023899526678,137.59252233949377,77033700
2022-10-12,136.0583038330078,138.04499143111343,135.88127984271256,136.8352824760686,70433700
2022-10-13,140.631591796875,141.22168665886508,132.15375604675947,132.76354024673512,113224000
2022-10-14,136.09764099121094,142.1363705990491,135.9107723458466,141.92982762072035,88598000
2022-10-17,140.0611572265625,140.5430657827838,137.95645402263972,138.7432621845146,85250900
2022-10-18,141.37904357910156,144.28038442851894,138.29083411442357,143.09035010046446,99136600
2022-10-19,141.4872589111328,142.55927749459596,139.16618275396215,139.35305140756245,61758300
2022-10-20,141.02499389648438,143.4837601022304,140.29719369702107,140.6611013003117,64522000
2022-10-21,144.84100341796875,145.41143897685419,140.29719327846567,140.51356590449524,86548600
2022-10-24,146.98504638671875,147.75218027161432,143.59195189473937,144.76232705447245,75981900
2022-10-25,149.82737731933594,149.97491229930705,146.89653213741997,147.6144876838341,74732300
2022-10-26,146.88671875,149.48317560972512,145.59831248015067,148.4701649982454,88194300
2022-10-27,142.4116973876953,146.59159863867362,141.7527500501594,145.6277667874986,109180200
2022-10-28,153.1713104248047,154.90227649289278,145.3819406077306,145.75566287950778,164762400
2022-10-31,150.8108673095703,151.6960320711127,149.41429002672785,150.63384336153183,97943200
2022-11-01,148.16526794433594,152.88610277414685,146.67034867047332,152.52221012298716,80379300
2022-11-02,142.63792419433594,149.66015890619101,142.60842020451807,146.4932672707352,93604600
2022-11-03,136.58937072753906,140.44471393264007,136.4615100959827,139.71691380956625,97918500
2022-11-04,136.32339477539062,140.5496299805745,132.38284296255216,139.97824816387146,140814800
2022-11-07,136.8553924560547,137.08197002566635,133.65369341095922,135.07229477760092,83374600
2022-11-08,137.4267578125,139.32806703138522,135.44663574586633,138.32323704462326,89908500
2022-11-09,132.86553955078125,136.49085472450093,132.5897021500865,136.44159482466026,74917800
2022-11-10,144.6872100830078,144.6872100830078,137.42674799216064,139.14089348616804,118854000
2022-11-11,147.4751739501953,147.78056436308594,142.22438595277526,143.65284825618983,93979700
2022-11-14,146.0762481689453,148.04652398997993,145.23887493220099,146.7559957323241,73374100
2022-11-15,147.81008911132812,151.3073317859871,146.35208917690562,149.9576976256643,89868300
2022-11-16,146.57867431640625,147.64262514508096,145.10096733747125,146.91363265596118,64218300
2022-11-17,148.48001098632812,149.22871050736455,143.97792279490108,144.2537602517047,80389400
2022-11-18,149.04151916503906,150.4305673318375,147.74114484123723,150.0463641188946,74829600
2022-11-21,145.81024169921875,148.13516752974954,145.52455834869187,147.92829700778424,58724100
2022-11-22,147.947998046875,148.18443654711209,144.74629997055138,145.92847743972578,51804100
2022-11-23,148.82481384277344,149.5735133563615,147.1205141770319,147.22887996484198,58301400
2022-11-25,145.9087677001953,146.66732805436232,144.93347581626634,146.10579226397604,35195900
2022-11-28,142.0765838623047,144.46061568789466,141.24907166473017,142.98290889279264,69246000
2022-11-29,139.0718994140625,142.65780035300432,138.26409424637174,142.14552449543845,83763800
2022-11-30,145.82997131347656,146.50971891238402,138.4611435666205,139.29850181511986,111380900
2022-12-01,146.10581970214844,146.91364010696918,144.4310880474874,146.00731491776455,71250400
2022-12-02,145.6132354736328,145.80041408602733,143.48533393064037,143.79073931676461,65447400
2022-12-05,144.45079040527344,148.6770258303521,143.60357112015112,145.57384712908555,68826400
2022-12-06,140.7860870361328,145.11084261882044,139.81079492252832,144.88426506871545,64727200
2022-12-07,138.84535217285156,141.23923029830829,137.91932004741116,140.07677467327488,69721100
2022-12-08,140.52992248535156,141.38700272319693,139.00297068921475,140.24423909407787,62128300
2022-12-09,140.04722595214844,143.40655024212361,138.80594241386282,140.22454358218158,76097000
2022-12-12,142.3425750732422,142.352421040337,138.96354439037955,140.5791698825673,70462700
2022-12-13,143.30804443359375,147.7411660018872,142.09632874722436,147.2781498799709,93886200
2022-12-14,141.0816192626953,144.48034234830936,139.06208336103646,143.1898139764628,82291200
2022-12-15,134.47132873535156,139.69256282085553,134.00831270124763,139.01281523751095,98931900
2022-12-16,132.51087951660156,135.6042115944849,131.74247323835098,134.65848772833485,160156900
2022-12-19,130.4027099609375,133.1906522558453,129.36832710470327,133.10199344508453,79592600
2022-12-20,130.33375549316406,131.26963355148135,127.9595693949815,129.43727633927585,77432800
2022-12-21,133.43692016601562,134.77670825725167,130.77705094971176,131.00362844860888,85928000
2022-12-22,130.2647705078125,132.56014344596582,128.36346171921937,132.35327292045574,77852100
2022-12-23,129.9003143310547,130.45198927834147,127.71330648144284,128.97428208438834,63814900
2022-12-27,128.09747314453125,129.4569681847138,126.80694496905855,129.42741525184118,69007800
2022-12-28,124.16678619384766,129.08262238361158,123.99931454878694,127.74283419111387,85438400
2022-12-29,127.68372344970703,128.54078860997595,125.83166690884427,126.08779735057679,75703700
2022-12-30,127.99895477294922,128.01866173908738,125.53611764206177,126.50155605068613,77034200
2023-01-03,123.21119689941406,128.9545451464431,122.32457128587431,128.3437644584535,112117500
2023-01-04,124.4820327758789,126.74785308207225,123.22105739420844,125.00415469022626,89113600
2023-01-05,123.16195678710938,125.87108644843491,122.90582630338176,125.24059869217061,80962700
2023-01-06,127.69358825683594,128.35362894146016,123.03388952483932,124.13724683818648,87754700
2023-01-09,128.21566772460938,131.4272262992552,127.95953732997245,128.53091900909354,70790800
2023-01-10,128.78707885742188,129.30920076375085,126.21586822934367,128.32406282244906,63896200
2023-01-11,131.50607299804688,131.52576493439358,128.52110615216108,129.29935853420528,69458900
2023-01-12,131.42726135253906,132.26461961526783,129.48653833184324,131.89027740511193,71379600
2023-01-13,132.7572021484375,132.91482784880117,129.70328312196565,130.06777940104425,57809700
2023-01-17,133.91966247558594,135.24958975985854,132.1365650960417,132.82615869144374,63646600
2023-01-18,133.2004852294922,136.54994765313825,133.0231526132705,134.78655764920913,69672800
2023-01-19,133.25958251953125,134.2250132683892,131.78187595143888,132.0872662370566,58280400
2023-01-20,135.8209686279297,135.9687483442848,132.22522101014553,133.26946486486585,80223600
2023-01-23,139.01284790039062,141.1900098722199,135.8505477576372,136.06727935780177,81760300
2023-01-24,140.41171264648438,141.03235437334166,138.21485919822922,138.22470516633354,66435100
2023-01-25,139.75167846679688,140.31319931491353,136.74700453490559,138.7960933961296,65799300
2023-01-26,141.8204803466797,142.10616376720364,139.79108333600698,141.04221286895242,54105100
2023-01-27,143.76119995117188,145.04188252528883,140.95356530270018,141.03237815686282,70555800
2023-01-30,140.87472534179688,143.38683009380475,140.7269606636837,142.8056023172103,64015300
2023-01-31,142.14552307128906,142.19478296648623,140.16540155324287,140.57915761528193,65874500
2023-02-01,143.26861572265625,144.43108640849707,139.21971287170524,141.83032262446247,77663600
2023-02-02,148.57852172851562,148.93315698101298,145.96789698553212,146.68704352311798,118339000
2023-02-03,152.20384216308594,155.04104480782712,145.63297259328513,145.8299972142777,154357300
2023-02-06,149.4749755859375,150.82462478693864,148.53909754834626,150.30250288074524,69858300
2023-02-07,152.35159301757812,152.92297488891165,148.40119485902974,148.40119485902974,83322600
2023-02-08,149.66217041015625,152.28264122485135,148.92331687434466,151.59304759782992,64120100
2023-02-09,148.62774658203125,152.036330247997,148.1844375441137,151.49450140964842,56007100
2023-02-10,148.99281311035156,149.3184067990407,147.22673043469464,147.46352995054943,57450700
2023-02-13,151.79489135742188,152.19940317198714,148.90402220916044,148.9336202674222,62199000
2023-02-14,151.15357971191406,151.7159729836762,148.84484061249728,150.08800434565288,61707600
2023-02-15,153.25511169433594,153.4228390365263,150.83784167870803,151.06476513520522,65573800
2023-02-16,151.65676879882812,154.24176636818623,151.3015770289575,151.4594283283723,68167900
2023-02-17,150.51226806640625,150.9562540378776,148.83497936586727,150.31494264074843,59144100
2023-02-21,146.49661254882812,149.27895045459564,146.42755543146694,148.19363813923312,58867200
2023-02-22,146.92086791992188,147.94696900428042,145.19424437189434,146.88139380804506,51011300
2023-02-23,147.40432739257812,148.33177339849212,145.27319184522457,148.08511286734324,48394200
2023-02-24,144.75025939941406,145.22384336023686,143.77347836618958,145.14491019093927,55469600
2023-02-27,145.94410705566406,147.1774097603546,145.48038403430326,145.73692063205627,44998500
2023-02-28,145.44091796875,147.08860849628215,144.86866373473268,145.08572620470352,50547000
2023-03-01,143.3689422607422,145.26329303666353,143.0729466587316,144.8686422706239,55479000
2023-03-02,143.96096801757812,144.7502847940671,141.97780754659183,142.4514066454644,52238100
2023-03-03,149.01254272460938,149.09147589261863,145.36197027021535,146.06247767198354,70732300
2023-03-06,151.77516174316406,154.21216902598104,151.41010897005816,151.7356876269036,87558000
2023-03-07,149.574951171875,151.9724842932115,149.1112281718285,151.64689058754286,56182000
2023-03-08,150.8280029296875,151.41999432910836,149.80190156632023,150.76880680073876,47204800
2023-03-09,148.5784454345703,152.47567911750554,148.2232536400137,151.5087739759212,53833600
2023-03-10,146.516357421875,148.92376664622063,145.63824652167983,148.20352210122027,68572400
2023-03-13,148.4600372314453,151.09436981836478,145.72703441304543,145.83556564568843,84457100
2023-03-14,150.55172729492188,151.35090505544113,148.0949978910982,149.25922844223368,73695900
2023-03-15,150.94639587402344,151.2029174267054,147.91739708809698,149.17043689978033,77167900
2023-03-16,153.7681884765625,154.37004080347904,149.6144183096525,150.1274764543104,76161100
2023-03-17,152.9295196533203,154.64628226147335,152.21913616408204,153.99509488717774,98944600
2023-03-20,155.29747009277344,155.7118730486912,152.09088307007352,152.99860710640667,73641400
2023-03-21,157.15237426757812,157.2707665184009,154.44896911905354,155.21856391429898,73938300
2023-03-22,155.72171020507812,159.97413485829682,155.7019731494937,157.17207516380427,75701800
2023-03-23,156.8070526123047,159.39206566084016,155.57374974438574,156.70839741585115,67622100
2023-03-24,158.10939025878906,158.1981844310787,155.74145533462084,156.73795839634036,59196500
2023-03-27,156.1657257080078,158.6224701978729,155.76119879412065,157.80355536791788,52390300
2023-03-28,155.54415893554688,156.3729499432233,153.8964680337441,155.85989171084594,45992200
2023-03-29,158.62245178222656,158.8987103608656,157.22142183199622,157.241143834068,51305700
2023-03-30,160.1912078857422,160.2997391161816,159.11577163727372,159.37229315696538,49501700
2023-03-31,162.697265625,162.79593585053084,159.74721557415742,160.270134648553,68749800
2023-04-03,163.95033264160156,164.06872488806627,162.0263833617239,162.07571848273926,56976200
2023-04-04,163.4175567626953,164.61138542575975,162.9044985896194,164.37460092662135,46278300
2023-04-05,161.57254028320312,162.845317301899,159.63872977420775,162.53946059266778,51511700
2023-04-06,162.4604949951172,162.75649064193277,159.83602334429725,160.26027222926052,45390100
2023-04-10,159.86561584472656,159.86561584472656,157.94166678976978,159.26376357061562,47716900
2023-04-11,158.6520233154297,160.19118229764916,158.3658887286299,160.1813212982619,47644200
2023-04-12,157.96141052246094,159.89522066020655,157.64567781550258,159.06644488688698,50133100
2023-04-13,163.3484649658203,163.58526449148977,159.26376724154565,159.47096870837692,68445600
2023-04-14,163.00315856933594,164.0983319737809,161.63172656331614,162.39143019016473,49386500
2023-04-17,163.02288818359375,163.18075455042484,161.83892054229136,162.8847588763579,41516200
2023-04-18,164.2462921142578,165.17373798707087,163.43723846181683,163.88123939813596,49923000
2023-04-19,165.39080810546875,165.91372717633618,163.32871482350347,163.58525138616776,47720200
2023-04-20,164.42388916015625,165.62759364761484,163.34845295487423,163.8713720291843,52456400
2023-04-21,162.81565856933594,164.2265493294176,162.29273954098778,162.8452566233963,58337300
2023-04-24,163.1215362548828,163.38793383083043,161.70076925644653,162.79594256316088,41949600
2023-04-25,161.58238220214844,164.08844653165775,161.54290808705858,162.98341218856248,48714100
2023-04-26,161.57254028320312,163.07224081923718,160.62537209042043,160.88189367284764,45498800
2023-04-27,166.160400390625,166.3083906842776,162.98341161052969,162.98341161052969,64902300
2023-04-28,167.41342163085938,167.5811640335514,165.63747792316207,166.23933019675923,55275900
2023-05-01,167.32461547851562,168.17312821243692,166.38730857655852,167.01875886308395,52472900
2023-05-02,166.28866577148438,168.07450075678005,165.3020235951721,167.81796415576136,48425700
2023-05-03,165.2132110595703,168.6368602354505,164.92709148440827,167.23583030731814,65136000
2023-05-04,163.5753936767578,164.8086963510818,162.11516752574818,162.68742177323023,81235400
2023-05-05,171.25148010253906,171.97172463520235,168.4790030974248,168.6960655683585,113453200
2023-05-08,171.1824188232422,171.52774960942492,169.81098679048802,170.17603958076435,55962800
2023-05-09,169.47555541992188,171.2219014856959,169.30782803221874,170.7384563843654,45326900
2023-05-10,171.24160766601562,171.70533067690712,169.60377809797177,170.70882753380215,53724500
2023-05-11,171.42906188964844,172.25783762602444,169.87016559220018,171.5277321199156,49514700
2023-05-12,170.50033569335938,171.97245613352067,168.94915782664347,171.5377307421917,45533100
2023-05-15,170.00633239746094,171.13265951386708,169.41352230428424,171.0832561601379,37266700
2023-05-16,170.00633239746094,171.0634918034888,169.73956634795272,169.92729004665156,42110300
2023-05-17,170.61888122558594,170.85599318757124,168.37610177183038,169.6506388706453,57951600
2023-05-18,172.95059204101562,173.13831574371522,170.51021405749552,170.92517510124802,65496700
2023-05-19,173.0592803955078,174.27452457823847,172.84191768629904,174.27452457823847,55809500
2023-05-22,172.11077880859375,172.61467191708667,171.36977372037438,171.89341610998645,43570900
2023-05-23,169.50245666503906,171.30063640969706,169.22581594675142,171.0536346915268,50747300
2023-05-24,169.7790985107422,170.35214430979713,168.4749372695529,169.03809335131075,45143500
2023-05-25,170.91529846191406,171.81437317497037,169.63088663153601,170.34225271987503,56058300
2023-05-26,173.32601928710938,173.66195304430255,171.03385143516303,171.24133948884744,54835000
2023-05-30,175.1736297607422,176.8433638660441,174.4523889310648,174.83771102645838,55964400
2023-05-31,175.12420654296875,177.19902686801004,174.64007778024913,175.20324889662425,99625300
2023-06-01,177.93014526367188,177.95978426232014,174.8080400825605,175.56880955803746,68901800
2023-06-02,178.77984619140625,179.59989373048958,177.11011211219468,178.85888855278898,61996900
2023-06-05,177.42625427246094,182.7318457046313,175.90471543246178,180.43967788018574,121946500
2023-06-06,177.0607147216797,177.95978950011875,175.30204865399,177.81159450251565,64848400
2023-06-07,175.6873779296875,179.03672040758232,175.19337452542106,176.29993732672585,61944600
2023-06-08,178.40440368652344,178.67115468077665,175.3317017878174,175.76641213704826,50214900
2023-06-09,178.78973388671875,180.0444917855316,178.4636898031236,179.32325097528164,48900000
2023-06-12,181.5857696533203,181.68457636718009,178.79959821677159,179.09600328256303,54274900
2023-06-13,181.1115264892578,181.94144859403625,180.2519653861507,180.6076484418825,54929100
2023-06-14,181.7438507080078,182.1785761189824,179.8370047903456,181.17080494588566,57462900
2023-06-15,183.77914428710938,184.28303741690132,181.57589328622848,181.7537423543279,65433200
2023-06-16,182.70223999023438,184.74742157511324,182.06004151498252,184.490530124381,101256200
2023-06-20,182.7911376953125,183.86807659469073,182.19834264439277,182.19834264439277,49799100
2023-06-21,181.75375366210938,183.18636063386023,180.40017397466633,182.68246747271866,49515700
2023-06-22,184.75726318359375,184.8066665365007,181.46719888037438,181.53636658960147,51245300
2023-06-23,184.4411163330078,185.31056720794078,182.79114665956078,183.32467881492002,53117000
2023-06-26,183.04803466796875,185.79469252512132,183.00850595123646,184.58932295318664,48088700
2023-06-27,185.80453491210938,186.1305789275048,183.44319953617173,183.66056221310203,50730800
2023-06-28,186.9802703857422,187.62246871870772,185.35006534003824,185.67609428855022,51216800
2023-06-29,187.31622314453125,187.7904773075337,186.67402469467498,186.8123450566035,46347300
2023-06-30,191.6436767578125,192.14755478947328,188.9661717445866,189.33174450555188,85213200
2023-07-03,190.1518096923828,191.5547776450248,189.46019281962833,191.45597092726317,31458200
2023-07-05,189.03533935546875,190.66554451499093,188.33384790710164,189.27246641036476,46920300
2023-07-06,189.50958251953125,189.7170705815605,186.9308841600135,187.56320791106293,45094300
2023-07-07,188.3931427001953,190.3592817984136,187.9584323411384,189.11439856972888,46815000
2023-07-10,186.34796142578125,187.71141562141005,184.79678352776446,186.9901598095207,59922200
2023-07-11,185.8243408203125,187.02971045254367,184.36209481962464,186.8913900886379,46638100
2023-07-12,187.49403381347656,189.40087948911426,186.20962210110736,187.40510175376477,60750200
2023-07-13,188.25479125976562,188.89700466458706,187.50391158996257,188.21527762484376,41342300
2023-07-14,188.40301513671875,188.88712881002033,187.35573036289856,187.948525384943,41616200
2023-07-17,191.66343688964844,191.9894809296959,189.50957431242833,189.59849130268125,50520200
2023-07-18,191.40655517578125,191.99936529239264,190.1122686661601,191.03112283932904,48288200
2023-07-19,192.76014709472656,195.8525983579603,190.3395181934612,190.78413334726974,80507300
2023-07-20,190.8137664794922,194.11370571807572,190.1913173439326,192.7502514500073,59581200
2023-07-21,189.63804626464844,192.63170595716375,188.93655473427472,191.77214478083425,71951700
2023-07-24,190.4383087158203,192.57240699977407,189.94430532096735,191.09039681521514,45377800
2023-07-25,191.29788208007812,192.10805493602857,190.60628029804008,191.01136672601527,37283200
2023-07-26,192.16732788085938,193.29365506077994,191.00148706119938,191.34728040522955,47471900
2023-07-27,190.90269470214844,194.83495794865564,190.24073188727883,193.66911704133602,47460200
2023-07-28,193.48133850097656,194.27174681334793,191.81160489848548,192.3352472018273,48291400
2023-07-31,194.0939483642578,194.13347708185938,192.91821776612247,193.70862628447964,38824100
2023-08-01,193.2640380859375,194.37060103419574,192.93799398672795,193.8864872822275,35175100
2023-08-02,190.27037048339844,192.83917937620112,189.54912966810338,192.7008590133255,50389300
2023-08-03,188.87725830078125,190.06286344658966,188.40301925761534,189.27247006657564,61235200
2023-08-04,179.80735778808594,185.13271368389906,179.73819007769725,183.295020485719,115956800
2023-08-07,176.7050323486328,180.93370048918646,175.2230220636036,179.9456936325003,97576100
2023-08-08,177.6436309814453,178.10799539743132,175.45025461361834,177.5349496271552,67823000
2023-08-09,176.05294799804688,178.76007719518685,174.88709204262926,178.70079919463467,60378500
2023-08-10,175.8355712890625,178.58222898523437,175.47001359754938,177.3274561288203,54686900
2023-08-11,175.89492797851562,176.71608281179377,174.6681548123879,175.4299516016464,52036700
2023-08-14,177.54714965820312,177.77469387045335,175.42005736478495,176.0730260741773,43675600
2023-08-15,175.55856323242188,177.56692432110017,175.1628328578025,176.9733287591711,43622600
2023-08-16,174.68797302246094,176.63696118746435,174.6187118962378,175.24200164765458,46964900
2023-08-17,172.14535522460938,175.61793712814787,171.6308936142582,175.25188574378228,66062900
2023-08-18,172.630126953125,173.23362560342792,170.12709527960956,170.46346761685473,61172200
2023-08-21,173.9656982421875,174.2526155537449,171.88809143364858,173.20391662712854,46311900
2023-08-22,175.34091186523438,175.78611232307705,174.3713618531986,175.17272569654475,42038900
2023-08-23,179.18942260742188,179.61484705303545,176.42916808280543,176.6171452729967,52722800
2023-08-24,174.49998474121094,179.16967585239115,174.13391827576947,178.74425133745834,54945800
2023-08-25,176.70620727539062,177.2404448053197,173.9459523611551,175.4893219988908,51449600
2023-08-28,178.26934814453125,178.6650784859593,176.64682959084442,178.17040801110178,43820700
2023-08-29,182.15744018554688,182.929124873536,177.58669009574285,177.78455525489372,53003900
2023-08-30,185.64984130859375,185.84772159478027,182.77087033679462,182.9687355268348,60813900
2023-08-31,185.86752319335938,187.10419967193582,185.48168073588946,185.8378441655654,60794500
2023-09-01,187.44053649902344,187.8956248663274,186.27310636870047,187.47021551879786,45766500
2023-09-05,187.677978515625,187.95499277883354,185.61025951662367,186.27311615331163,45280000
2023-09-06,180.9603729248047,186.8370611072444,179.53571941437733,186.3918455631262,81755800
2023-09-07,175.66738891601562,176.31046963604499,171.69023379276553,173.312752460059,112488800
2023-09-08,176.28076171875,178.31881673909905,175.89491935539235,176.44896296342043,65551300
2023-09-11,177.44821166992188,178.3781946740771,175.44973851819339,178.15065045906456,58953100
2023-09-12,174.42083740234375,178.21001559327632,172.95661681425068,177.57683789873767,90370200
2023-09-13,172.35308837890625,175.41014819975618,172.12552909799857,174.6285604188278,84267900
2023-09-14,173.86679077148438,174.22295413122683,171.72981061302968,172.14533201670497,60895800
2023-09-15,173.14456176757812,174.61868528190746,171.967258666553,174.59889423512476,109259500
2023-09-18,176.07301330566406,177.46798769380123,174.2921965438023,174.59888982853914,67257600
2023-09-19,177.16128540039062,177.71531389898738,175.2419616044344,175.6278039585389,51826900
2023-09-20,173.61944580078125,177.78456267568592,173.5303936437239,177.34925024969752,58436200
2023-09-21,172.07606506347656,174.42081339229338,172.00681904661934,172.6894667209782,63149100
2023-09-22,172.92689514160156,175.19249433338604,172.19479251227028,172.80817906033587,56725400
2023-09-25,174.20315551757812,175.08366835534056,172.2937196425223,172.34318970903263,46172700
2023-09-26,170.12710571289062,173.33256128157663,169.8303003575296,172.95662192119033,64588900
2023-09-27,168.61337280273438,171.19555331579562,167.24809254140138,170.7800319235512,66921800
2023-09-28,168.87062072753906,170.19633406818943,165.83333655703308,167.53500431517824,56294400
2023-09-29,169.3850860595703,171.2252609973693,168.5243490895999,170.18644988639232,51861100
2023-10-02,171.8979949951172,172.4421355524603,169.10804618991,169.39496352748424,52164500
2023-10-03,170.56239318847656,171.77929356494764,168.9992475938596,170.42388604353025,49594600
2023-10-04,171.8089599609375,172.3531005247124,169.14763028223018,169.26634637027362,53020300
2023-10-05,173.04563903808594,173.57987653919332,170.83939772477277,171.93756684563112,48527900
2023-10-06,175.59815979003906,176.09283034712797,171.33408690716874,171.94748866333921,57266700
2023-10-09,177.08213806152344,177.1414961017949,173.92613808717138,174.9253669894116,42390800
2023-10-10,176.488525390625,177.80435062036204,176.05321297222847,176.20162316730602,43698000
2023-10-11,177.88351440429688,177.9329844734106,175.70696722860302,176.300562769531,47551100
2023-10-12,178.78382873535156,180.39644439001881,177.13161588848607,178.1506510638416,56743100
2023-10-13,176.9436492919922,179.9908063804386,176.24121051823693,179.48624788964275,51427100
2023-10-16,176.81500244140625,177.1711657603602,174.6285524646888,174.86599970937266,52517000
2023-10-17,175.26174926757812,176.51821654411026,172.93680701299223,174.7670787756051,57549400
2023-10-18,173.9656982421875,175.68715682310025,173.24348362037233,173.70847504574286,54764400
2023-10-19,173.5897979736328,175.94441955236843,173.32267164674883,174.16360253338752,59302900
2023-10-20,171.0372772216797,173.55019672394363,170.7998299466356,173.44136860989997,64244000
2023-10-23,171.156005859375,172.15523490983713,168.1187215150264,169.08828663709707,55980100
2023-10-24,171.59130859375,171.81885280099095,169.62251453312876,171.20546620053886,43816600
2023-10-25,169.2762451171875,171.21534495437086,168.83102960610762,170.04792986204652,57157000
2023-10-26,165.111083984375,169.5532295699906,163.90408701182272,168.55398570968117,70625300
2023-10-27,166.4269256591797,167.1590433521086,165.05174242645685,165.13089150916355,58499100
2023-10-30,168.47486877441406,169.34549366723184,167.0700063949142,167.21841659954197,51131000
2023-10-31,168.94976806640625,169.07837213199355,166.1103491096919,167.54490564738762,44846000
2023-11-01,172.11566162109375,172.37288485640974,168.3066925856151,169.1773175299865,56934900
2023-11-02,175.6773223876953,175.88507558379146,173.58981187255435,173.6491699285818,77334800
2023-11-03,174.76708984375,174.93529110628108,171.5022764668811,172.38278939451087,79829200
2023-11-06,177.31956481933594,177.517429979593,174.33176617832314,174.49995231934884,63841300
2023-11-07,179.88198852539062,180.495375116872,177.06236062659886,177.2701137835187,70530000
2023-11-08,180.94056701660156,181.4945955371222,179.65442075331012,180.40632954214095,49340300
2023-11-09,180.4656982421875,182.1574629246798,179.87208759448916,181.00983881988668,53763500
2023-11-10,184.65609741210938,184.82452025063435,181.8129530168045,182.24883894138773,66133400
2023-11-13,183.0710906982422,184.28957909475855,182.4866141219331,184.0815522328342,43627500
2023-11-14,185.6864013671875,186.35013134634684,184.55706727911962,185.94396348691,60108400
2023-11-15,186.2510528564453,187.72711849110286,186.02320887124122,186.09256123667055,53790500
2023-11-16,187.93516540527344,189.173470968727,186.88506958999568,187.79647578680803,54412900
2023-11-17,187.9153289794922,188.59887599886426,186.805812145748,188.47008739636428,50922700
2023-11-20,189.6588897705078,190.11459289941732,188.10358573904105,188.11348674243894,46505100
2023-11-21,188.8564453125,189.72821721009598,187.96487141071046,189.6192457228965,38134500
2023-11-22,189.5201873779297,191.12502655036587,189.0446822742513,189.69851123933077,39617700
2023-11-24,188.19271850585938,189.11401054524026,187.47945332619432,189.08429242242372,24048300
2023-11-27,188.014404296875,188.886176253634,187.13273133734725,188.14319291304204,40552600
2023-11-28,188.61868286132812,189.29232889633607,187.62803848681267,188.0044881862593,38415400
2023-11-29,187.59829711914062,190.29285069321725,187.20204546484828,189.11398161505477,43014200
2023-11-30,188.1728973388672,188.53944603911236,186.42936866830843,188.06392585220516,48794400
2023-12-01,189.45083618164062,189.76783452208102,187.45963130874318,188.54934617033052,45704800
2023-12-04,187.65777587890625,188.2719857330804,185.69630404843608,188.20263336404662,43389500
2023-12-05,191.6104278564453,192.58125508438908,188.40073472916,188.43046796633192,66628400
2023-12-06,190.520751953125,192.93791176533594,190.3127099631217,192.6308143978356,41089700
2023-12-07,192.45249938964844,193.17566559760107,191.7788533108163,191.81848755335412,47477700
2023-12-08,193.8790283203125,194.15640755182167,191.8581052152776,192.38314555463674,53406400
2023-12-11,191.37269592285156,191.67980841318465,189.6291670567547,191.3033586686724,60943700
2023-12-12,192.8883819580078,192.8982829604503,189.92634969600132,191.27362671385956,52696900
2023-12-13,196.10797119140625,196.1475903161728,193.02706651664724,193.26481149731427,70404200
2023-12-14,196.256591796875,197.75245962096574,194.3248379535694,196.16743741550002,66831600
2023-12-15,195.7216339111328,196.54385551373443,195.15695931123605,195.68199966761293,128538400
2023-12-18,194.0573272705078,194.79040955452615,192.5713606983871,194.25545312358386,55751900
2023-12-19,195.09751892089844,195.1074199235508,194.0573392330858,194.32481746504553,40714100
2023-12-20,193.00726318359375,195.8305908429342,193.00726318359375,195.05788936850126,52242800
2023-12-21,192.85865783691406,195.23621363050395,191.6897046199928,194.26538628403978,46482500
2023-12-22,191.7887725830078,193.58183662844655,191.16466173906855,193.35397752019378,37149600
2023-12-26,191.24392700195312,192.07606476826226,191.0259839989623,191.79868551282587,28919300
2023-12-27,191.34295654296875,191.68968812345565,189.30223153241622,190.68914273833013,48087700
2023-12-28,191.76893615722656,192.83883387512188,191.3627683436117,192.32369457775746,34049900
2023-12-29,190.728759765625,192.58125990446206,189.9362412446781,192.08593771837442,42672100
2024-01-02,183.90322875976562,186.67703614744315,182.16960103197144,185.39909638597572,82488700
2024-01-03,182.5262451171875,184.14100045386294,181.7139093893273,182.49652699212288,58414500
2024-01-04,180.2081298828125,181.37708304150152,179.18776734055538,180.44587486910356,71983600
2024-01-05,179.4849395751953,181.05015949262307,178.48439420396812,180.28737421180142,62379700
2024-01-08,183.823974609375,183.86360885082058,179.80196071659407,180.38643729162627,59144500
2024-01-09,183.40789794921875,183.41779895114087,181.0204413910758,182.19931060924736,42841800
2024-01-10,184.44805908203125,184.65608591378964,182.19929235625014,182.62527725276104,46792900
2024-01-11,183.85366821289062,185.3000155120803,181.9020977729046,184.79477725525186,49128400
2024-01-12,184.1806182861328,184.99295400827782,183.45745205458948,184.31930790747037,40477800
2024-01-16,181.9120330810547,182.5361287641061,179.23728115128065,180.45578462721193,65603000
2024-01-17,180.97091674804688,181.2185778549055,178.613193289656,179.57411959355028,47317400
2024-01-18,186.86526489257812,187.3704881134165,184.0914574471942,184.34901955890965,78005800
2024-01-19,189.76783752441406,190.15418823308323,187.0534815615711,187.5587047602819,68903000
2024-01-22,192.07606506347656,193.50259558850516,190.4613096613906,190.5009439071057,60133900
2024-01-23,193.35397338867188,193.91864797179585,192.01661247228014,193.19548176740474,42355600
2024-01-24,192.68032836914062,194.542744606446,192.5218216434054,193.59171936806808,53631300
2024-01-25,192.3534393310547,194.43379881211092,191.30335858737243,193.3936190715828,54822100
2024-01-26,190.61981201171875,192.9379165033589,190.14430688636483,192.45251037482265,44594000
2024-01-29,189.93624877929688,190.4018528619721,187.8063693410428,190.2136280052267,47145600
2024-01-30,186.28077697753906,190.0056098088079,185.71611749758625,189.1536549714469,55859400
2024-01-31,182.67481994628906,185.34957189909602,182.62529981948686,185.2901205380725,55467800
2024-02-01,185.11180114746094,185.20095550981347,182.10024901841177,182.26865674153308,64885400
2024-02-02,184.1112823486328,185.5774319441079,177.57302274507782,178.1773164815156,102551700
2024-02-05,185.92413330078125,187.47945226083425,184.10135123689923,186.3897373769733,69668800
2024-02-06,187.52899169921875,187.53889270164484,185.02266252630227,185.1118168962398,43490800
2024-02-07,187.63795471191406,189.26261088240534,186.84543618864265,188.85644306077413,53439000
2024-02-08,186.5581512451172,187.76672344534998,185.59722501634783,187.6181328392653,40962000
2024-02-09,187.32191467285156,188.45268968737696,186.4787864459619,187.12352087688578,45155200
2024-02-12,185.6356658935547,187.14337102036012,185.27857823550397,186.89539390047275,41781900
2024-02-13,183.54273986816406,184.70328611762721,182.02512109310902,184.26684396147397,56529500
2024-02-14,182.6599578857422,184.02879656144881,180.9638026996327,183.82050423664703,54630500
2024-02-15,182.37229919433594,182.99720639873473,179.8826142837668,182.06480997798818,65434500
2024-02-16,180.83482360839844,183.3542794985624,180.20000281806102,181.9358425720657,49752500
2024-02-20,180.09091186523438,180.95386745060242,178.54353696650966,180.31904659124555,53665600
2024-02-21,180.8447723388672,181.41015233649017,179.1982005294332,180.4678422502364,41371400
2024-02-22,182.878173828125,183.463411373256,180.98364000764028,181.99537582737872,52292200
2024-02-23,181.04315185546875,183.54275049121756,180.75548990166286,183.51299444569602,45119700
2024-02-26,179.6941680908203,181.2812127915497,179.18828501122448,180.76543120985792,40867400
2024-02-27,181.15225219726562,182.43180748858953,178.1070858709482,179.6346334198553,54318900
2024-02-28,179.95204162597656,181.6382830805114,178.67248629654023,181.03321827875988,48953900
2024-02-29,179.2874755859375,181.09275646398507,178.07734590919267,179.80327228471162,136682600
2024-03-01,178.206298828125,179.06925444803085,175.94474848019505,178.09718827908785,73563100
2024-03-04,173.6831817626953,175.46860492728393,172.38376893378626,174.7246735635979,81510100
2024-03-05,168.74346923828125,170.6479317427376,168.24751498810025,169.37829007310003,95132400
2024-03-06,167.75157165527344,169.85442810491517,167.31512946505867,169.67587669286206,68587700
2024-03-07,167.6325225830078,169.34851990765398,167.12665473872153,167.78130279152694,71765100
2024-03-08,169.34852600097656,172.29449531822434,167.57301652903823,167.6325286145872,76267000
2024-03-11,171.35220336914062,172.96901916174485,170.65787040570808,171.54066841678448,60139500
2024-03-12,171.82830810546875,172.62183794587216,169.62626998762764,171.7489536078961,59825400
2024-03-13,169.7453155517578,171.78864474969012,169.37829909505535,171.37204497358655,52488700
2024-03-14,171.6001739501953,172.89957168966941,170.65786388331372,171.51090581587792,72913500
2024-03-15,171.22325134277344,171.22325134277344,168.91210257419098,169.7849869531436,121752700
2024-03-18,172.31434631347656,176.27206668827822,172.11596763998543,174.1493830977455,75604200
2024-03-19,174.65524291992188,175.18095319129145,171.62991909909198,172.92931675607417,55215200
2024-03-20,177.22427368164062,177.22427368164062,173.67323975994282,174.2981469011337,53423100
2024-03-21,169.9833526611328,176.05384289670778,169.45764237357878,175.61740074055217,106181300
2024-03-22,170.885986328125,171.6497600715003,168.68394836122502,170.37018969692022,71160100
2024-03-25,169.46759033203125,170.54876707334867,168.0789092110998,169.18985713490977,54288300
2024-03-26,168.33680725097656,170.0329624014482,168.20785429573576,168.6244540719099,57388400
2024-03-27,171.9076690673828,172.19533102381604,168.73356472173438,169.03114031499092,60273300
2024-03-28,170.09246826171875,170.83639964948821,169.13031578937776,170.36028779920613,65672700
2024-04-01,168.65420532226562,169.86433493378763,168.1086526063626,169.80482284392966,46240500
2024-04-02,167.4738311767578,167.96978543762384,166.86876637308836,167.71189467068976,49329500
2024-04-03,168.27728271484375,169.29894733031932,167.2159484161416,167.42424073989756,47691700
2024-04-04,167.45399475097656,170.5289019190824,167.45399475097656,168.9120862737285,53704400
2024-04-05,168.2078399658203,169.01128340394683,167.58293278713433,168.217753601793,42104800
2024-04-08,167.0869903564453,167.83092176064616,166.87869803905005,167.6622991252661,37425500
2024-04-09,168.29710388183594,168.70378997636425,166.98779260608748,167.33495148030394,42373800
2024-04-10,166.4224090576172,167.72180678766216,165.75783217031642,167.43415997850798,49709300
2024-04-11,173.62367248535156,174.04028741115994,166.79935169580833,166.97788797659143,91070300
2024-04-12,175.1214599609375,176.9168120397123,172.80039755418966,172.8499808741194,101670900
2024-04-15,171.29266357421875,175.200785081753,171.10419855705527,173.94105717912421,73531800
2024-04-16,168.00946044921875,172.354009228837,166.9084414489389,170.36027866522625,73711200
2024-04-17,166.640625,169.26917642354965,166.640625,168.2375982616629,50901200
2024-04-18,165.6884002685547,167.27546002889196,165.20237475763562,166.67039519798726,43122900
2024-04-19,163.6649169921875,165.05358296102196,162.75236290762146,164.86513304300607,68149400
2024-04-22,164.4981231689453,165.90663160390042,163.43678880778052,164.1807202784816,48116400
2024-04-23,165.54954528808594,165.69834066467516,163.5855704267702,164.0120990106031,49537800
2024-04-24,167.65237426757812,167.93010742906517,164.86511388137603,165.19243035823263,48251800
2024-04-25,168.5153350830078,169.2295104164757,166.78940883790665,168.15824741627387,50558300
2024-04-26,167.93011474609375,169.95360145871248,167.81107543218243,168.50542350147623,44838400
2024-04-29,172.09613037109375,174.60565774723543,171.69937301226366,171.9671774185786,68169400
2024-04-30,168.9517822265625,173.57407962239418,168.6244505944639,171.92750782528833,65934800
2024-05-01,167.93011474609375,171.31252641733016,167.74164970644674,168.20784791968214,50383100
2024-05-02,171.6299285888672,172.0167723030629,169.50724497899176,171.11413192483198,94214900
2024-05-03,181.8961944580078,185.48689856009224,181.18201909229816,185.13972451400554,163224100
2024-05-06,180.2397003173828,182.70954279745968,178.9601298757301,180.87452115240256,78569700
2024-05-07,180.9241180419922,183.40388947971314,179.8528700999816,181.96562507289974,77305800
2024-05-08,181.26136779785156,181.58869942461462,179.9817973354757,181.3704783401059,45057100
2024-05-09,183.07656860351562,183.16583674066726,180.63646690744054,181.0828227285221,48983000
2024-05-10,181.81512451171875,183.84135574437508,180.9013327671207,183.6526350835399,50759500
2024-05-13,185.02334594726562,185.837821467034,183.37454074079744,184.1890162605658,72044800
2024-05-14,186.16554260253906,187.0296836687647,185.03323393672386,186.24500472103392,52393600
2024-05-15,188.4401092529297,189.3638279979279,186.10595679645579,186.6423223274902,70400000
2024-05-16,188.55931091308594,189.81082048816586,188.3805324914181,189.1850657006259,52845200
2024-05-17,188.58909606933594,189.5227570757438,187.90374851544715,188.2315240914744,41282900
2024-05-20,189.751220703125,190.6252889956646,187.73491647398643,188.05276500067424,44361300
2024-05-21,191.05239868164062,191.42982486744873,189.63203768676544,189.80088903544183,42309400
2024-05-22,189.61216735839844,191.51922822288097,188.9864276944718,190.97293553544338,34648500
2024-05-23,185.61929321289062,189.7114944206788,185.370979738518,189.69162509909052,51005900
2024-05-24,188.69837951660156,189.29433794369746,186.77146444562422,187.5462164631898,36327000
2024-05-28,188.70831298828125,191.69800175645932,187.82431762786635,190.21804799663707,52280100
2024-05-29,189.0062713623047,190.95305560689752,188.2315345598267,188.33086600869876,53068000
2024-05-30,189.99952697753906,190.88352231957748,189.34399093884022,189.47310363654154,49889100
2024-05-31,190.9530487060547,191.2708972062775,188.62883838261533,190.14851552916033,75158300
2024-06-03,192.72105407714844,193.67458449503022,191.22124613590765,191.5986723140291,50080500
2024-06-04,193.0388946533203,194.0023521144802,191.72779227719917,193.32693160548868,47471400
2024-06-05,194.54861450195312,195.5716646905796,193.55536071448273,194.08178400937402,54156800
2024-06-06,193.1680145263672,195.17439165110096,192.86010824182844,194.36985841579607,41181800
2024-06-07,195.56173706054688,195.61140278095115,192.830289152661,193.33684312674475,53103900
2024-06-10,191.8171844482422,195.96899354752293,190.8537269722117,195.57168290202756,97010200
2024-06-11,205.75253295898438,205.762475197422,192.32375155853347,192.34360572370616,172373300
2024-06-12,211.63259887695312,218.7144883134223,205.50420946534445,205.97103997359795,198134300
2024-06-13,212.79470825195312,215.28776993558532,210.17251871917932,213.29133517221976,97862700
2024-06-14,211.0565185546875,213.71843162956222,209.874544034183,212.40734441299963,70122700
2024-06-17,215.2083282470703,217.4729460060793,211.28497823555003,211.93058723086708,93728300
2024-06-18,212.84437561035156,217.15510913678148,211.56308472355843,216.1221165738588,79943300
2024-06-20,208.26547241210938,212.79472296910444,207.4410850045998,212.48680152632818,86172500
2024-06-21,206.0902557373047,210.4605668046439,205.71281440805072,208.9706859649803,241805100
2024-06-24,206.73587036132812,211.2651058128792,205.19632375372012,206.3187055335118,80727000
2024-06-25,207.6596221923828,209.95403652001525,207.20271868130445,207.73906917566717,55549700
2024-06-26,211.81138610839844,213.41052543273105,209.21899292189278,210.07319184959564,66213200
2024-06-27,212.65565490722656,214.28459061162127,210.91746067332394,213.2416710401095,49772700
2024-06-28,209.19911193847656,214.61235731022026,208.88127860134253,214.31437813701,82542700
2024-07-01,215.28778076171875,216.0426482623776,210.4903626519942,210.65921399467373,60402900
2024-07-02,218.78402709960938,218.89328562800327,213.6489065767971,214.6918109818244,58046200
2024-07-03,220.05538940429688,220.05538940429688,217.55238550522975,218.51584293427166,37369800
2024-07-05,224.81309509277344,224.9223536333555,220.15473164881905,220.15473164881905,60412400
2024-07-08,226.28311157226562,226.31290797690275,221.7439339584199,225.55802531049062,59085900
2024-07-09,227.13729858398438,227.85244261706796,224.84288445944628,226.39235814584333,48076100
2024-07-10,231.4082794189453,231.50761086701095,227.70344677503346,227.75311249906628,62627700
2024-07-11,226.0347900390625,230.82226580227746,224.2469300453064,229.82901193417422,64710600
2024-07-12,228.9847412109375,231.07058040656065,227.13728840093884,227.37567478656334,53046500
2024-07-15,232.8187255859375,235.62963615278247,231.51756530413658,234.88469567182594,62631300
2024-07-16,233.23590087890625,234.67611608181264,230.76269307600518,233.41467931591345,43234300
2024-07-17,227.33595275878906,229.8985495862513,225.11105861290636,227.90209958898402,57345900
2024-07-18,222.6676483154297,228.88542732552744,220.7705449165008,228.7265030667722,66034600
2024-07-19,222.79676818847656,225.2699757257536,221.7737179376491,223.30333735062962,49151500
2024-07-22,222.4491424560547,226.24336434241772,221.58500128681854,225.47855462210336,48201800
2024-07-23,223.49205017089844,225.40903804109774,221.17776681088287,222.8563682936816,39960300
2024-07-24,217.06570434570312,223.2834835656707,215.66522784122517,222.48887740092556,61777600
2024-07-25,216.0227813720703,219.36011485373604,213.17213256832727,217.45305415919788,51391200
2024-07-26,216.48960876464844,218.00928589319247,214.55275169554088,217.22460688996878,41601300
2024-07-29,216.76773071289062,217.82057739339885,214.2945231128628,215.49636696784094,36311800
2024-07-30,217.32394409179688,218.84362126060284,214.66201590891492,217.71131248471113,41643800
2024-07-31,220.58181762695312,222.31008478832948,219.14160257039833,219.94613576688096,50036300
2024-08-01,216.88693237304688,222.96564167600837,215.55597572208578,222.8563831356547,62501000
2024-08-02,218.37680053710938,224.0780833133434,216.24131073912352,217.6715836076827,105568600
2024-08-05,207.85824584960938,212.0597055615941,194.6777624827749,197.74691336614487,119548600
2024-08-06,205.83200073242188,208.5733911865651,199.7135682482994,203.91502798694503,69660500
2024-08-07,208.404541015625,212.19876304064402,204.99767225034321,205.5042262843129,63516400
2024-08-08,211.87098693847656,212.7549823030523,207.42121371107248,211.67233918968967,47161100
2024-08-09,214.78123474121094,215.31758519349225,210.5400362270979,210.66916408754707,42201600
2024-08-12,216.31259155273438,218.28150622882862,214.39340008618356,214.8607709437837,38028100
2024-08-13,220.03167724609375,220.64820259017597,217.7843155173404,217.7843155173404,44155300
2024-08-14,220.47915649414062,221.7818227179272,218.4704570730026,219.33559848009435,41960600
2024-08-15,223.46238708496094,224.08886623333987,221.51334927522385,223.34306350370605,46414000
2024-08-16,224.78492736816406,225.56056092969672,222.39834972442236,222.66684293368954,44340200
2024-08-19,224.62582397460938,224.72527040192085,221.791767703572,224.4567771868955,40687800
2024-08-20,225.24234008789062,225.89865006504533,224.18827476461456,224.50649118022673,30299000
2024-08-21,225.13296508789062,226.70412456960102,223.7905293550798,225.25230383574092,34765500
2024-08-22,223.2734375,227.06211276120644,222.6469583809866,226.51518775043243,43695300
2024-08-23,225.5705108642578,226.9427926991927,223.07456326985692,224.39712188969804,38677300
2024-08-26,225.90858459472656,226.00803101617393,222.6370036872603,225.490936936756,30602200
2024-08-27,226.7538299560547,227.569248113113,223.63140355832627,224.73519205544582,35934600
2024-08-28,225.22247314453125,228.57360836626125,224.41699349604747,226.64446298605537,38052200
2024-08-29,228.5039825439453,231.61647047641185,227.59908685526068,228.81226038667728,51906300
2024-08-30,227.7184295654297,229.1105885676507,226.20693181059323,228.9017723040151,52990800
2024-09-03,221.52330017089844,227.7184305167556,219.93224829880322,227.2709519194148,50190600
2024-09-04,219.61402893066406,220.53881694406624,216.2628786668988,220.41949337418052,43840200
2024-09-05,221.13548278808594,224.2181249188319,220.28029506440387,220.38968006999326,36615400
2024-09-06,219.58419799804688,223.97945984429646,218.54007124155592,222.69667077468378,48423000
2024-09-09,219.67369079589844,220.03167667908036,215.49719894103853,219.58419811845144,67180000
2024-09-10,218.87815856933594,220.24048653111632,215.5170698289156,217.69481595725216,51591000
2024-09-11,221.4138946533203,221.8414808899648,216.670585544778,220.22061344649163,44587100
2024-09-12,221.52330017089844,222.29893378586118,218.58981250678085,221.2548069431359,37455600
2024-09-13,221.25479125976562,222.78616606005667,220.66809680320824,222.32874892129448,36766600
2024-09-16,215.10939025878906,216.00434741371936,212.72281255665072,215.32814508742544,59357400
2024-09-17,215.57672119140625,215.68610617984226,213.29954392555678,214.54254826078727,45519300
2024-09-18,219.45492553710938,221.46362499015893,216.322545198334,216.33249894497217,59894900
2024-09-19,227.58914184570312,228.53383738270648,223.37288038958053,223.7308662842885,66781300
2024-09-20,226.92288208007812,231.78551472560144,226.34612621296694,228.68298057338347,318679900
2024-09-23,225.20257568359375,228.16589404695566,224.54626569168985,226.06770192621624,54146000
2024-09-24,226.0975341796875,228.06646416724695,224.4667129366972,227.37036953161189,43556100
2024-09-25,225.1031036376953,226.01795298892395,222.76626463924825,223.67116024502704,42308700
2024-09-26,226.24671936035156,227.2212306744308,224.14852708285537,226.02794934670587,36636700
2024-09-27,226.5151824951172,228.23551159576573,226.0279344568732,227.1814462394898,34026000
2024-09-30,231.69602966308594,231.69602966308594,228.3647716650959,228.75258844686658,54541900
2024-10-01,224.9440460205078,228.364781673884,222.48786790384585,228.23551952322458,63285000
2024-10-02,225.51083374023438,226.09752818761766,221.771881889721,224.62581519597003,32880600
2024-10-03,224.4070587158203,225.5406782135141,222.07021935855937,223.8800260213992,34044200
2024-10-04,225.53073120117188,226.72401244250622,222.87567550784985,226.6245660168141,37245100
2024-10-07,220.44931030273438,224.42692422983964,220.09132444235917,223.24358165878294,39505400
2024-10-08,224.50650024414062,224.71531649859696,222.00059897690352,223.0447257693685,31855700
2024-10-09,228.25538635253906,228.46421777631028,223.57175408478048,223.96950943919006,33591100
2024-10-10,227.75819396972656,228.21562630222516,225.89866409237993,226.50525089558744,28183500
2024-10-11,226.27655029296875,228.1261416619367,226.06771885321956,228.01675665509578,31759200
2024-10-14,230.0055389404297,230.43312517401645,227.32065245091678,227.42008369962844,39882100
2024-10-15,232.54127502441406,236.16090332060597,231.0695468532438,232.30261271123658,64751400
2024-10-16,230.48284912109375,230.8209426799016,228.55370384388218,230.30386376880503,34082200
2024-10-17,230.8507843017578,232.5412825211578,229.22991678936268,232.12361966628396,32993800
2024-10-18,233.68484497070312,234.8582339303053,232.70037994861724,234.8582339303053,46431500
2024-10-21,235.15655517578125,235.52449481958178,233.13791711516282,233.13791711516282,36254500
2024-10-22,234.54002380371094,234.89800969153723,231.29827366695753,232.5810475805218,38846600
2024-10-23,229.46856689453125,233.82405947286142,226.4853561254601,232.76999409553275,52287000
2024-10-24,229.27963256835938,229.52823345451665,227.131717270346,228.69292294524882,31109500
2024-10-25,230.1149444580078,231.91481257552053,228.2852454458818,228.4542922398222,38802300
2024-10-28,232.09378051757812,233.41633904858514,231.24854661133642,232.01424158684446,36087100
2024-10-29,232.36227416992188,233.01858415019296,231.0198384903425,231.79547204033784,35417200
2024-10-30,228.81227111816406,232.1634063461827,228.2653461113998,231.30821865562254,47070900
2024-10-31,224.64569091796875,228.5437506886065,224.10870454857795,228.0564875272545,64370100
2024-11-01,221.66250610351562,224.08885327131992,219.03728125399175,219.73336072670745,65276700
2024-11-04,220.7675323486328,221.5431659237015,218.48041626355018,219.7532516264011,44944500
2024-11-05,222.199462890625,222.69666464924057,219.90239319356397,220.558703156551,28111300
2024-11-06,221.4735565185547,224.80481443000403,219.95212032394844,221.36417152277414,54561100
2024-11-07,226.20692443847656,226.6046949785728,223.31322152292373,223.37288331058951,42137700
2024-11-08,225.93814086914062,227.63048374280507,225.39061415381417,226.1471868576639,38328800
2024-11-11,223.22042846679688,224.68381119249955,220.50272420052974,223.98696589218596,42005600
2024-11-12,223.22042846679688,224.5743058460154,222.354350392842,223.53899499841924,40398300
2024-11-13,224.1063995361328,225.62950954483912,221.75702475308145,223.00139666804327,48566200
2024-11-14,227.19247436523438,227.83954176018094,223.9869707245471,224.0068849307252,44923900
2024-11-15,223.98696899414062,225.89832264008,223.26025997018442,225.38065961406878,47923700
2024-11-18,226.99337768554688,228.70563485331775,224.15620331601912,224.2358449505769,44633700
2024-11-19,227.25218200683594,229.12372228231885,225.63948081886542,225.9580321395358,36211800
2024-11-20,227.96896362304688,228.89476915350485,224.87296529986398,227.03319339435467,35169600
2024-11-21,227.49111938476562,229.1237348668511,224.69377351516385,227.8494991340082,42108300
2024-11-22,228.83502197265625,229.68120098473537,227.0331737980822,227.0331737980822,38168300
2024-11-25,231.82151794433594,232.19981188776785,228.70562083004268,230.41787789282506,90152800
2024-11-26,234.00167846679688,234.50939199708804,232.2794717613211,232.2794717613211,45986200
2024-11-27,233.8722381591797,234.6288260383393,232.75728573526553,233.41431778082386,33498400
2024-11-29,236.26145935058594,236.73929396987336,232.91658663539664,233.75280101667178,28481400
2024-12-02,238.51126098632812,239.70585504150458,236.0922091638524,236.20171450499868,48137100
2024-12-03,241.5574951171875,241.66700046466846,237.82437898500294,238.73028547870095,38861000
2024-12-04,241.91587829589844,243.01093178619982,240.16380790150487,241.7765092325954,44383900
2024-12-05,241.94573974609375,243.43898620611924,241.03984843814553,242.8914746561807,40033900
2024-12-06,241.74664306640625,243.5285923470879,240.99007032901886,241.81633519239523,36870600
2024-12-09,245.63902282714844,246.1268220997756,240.66153502923254,240.74117665680967,44649200
2024-12-10,246.65443420410156,247.09245556004478,244.23536723926503,245.7783914922151,36914800
2024-12-11,245.38021850585938,249.67081089954078,245.15124311202538,246.84360125039836,45205800
2024-12-12,246.8435821533203,247.62006903646127,244.57383373711528,245.77839247075497,32777500
2024-12-13,247.01283264160156,248.16759835190283,245.13134272203925,246.70423080565516,33155300
2024-12-16,249.90969848632812,250.24817919808956,246.53496239648825,246.8734431082497,51694800
2024-12-17,252.33872985839844,252.68716009783537,248.655391740455,248.95404406138837,51356400
2024-12-18,246.9331817626953,253.13512753347695,246.62457993830327,251.02467749046986,56774100
2024-12-19,248.6653289794922,250.86538527206417,245.9774886038804,246.38564624934875,60882300
2024-12-20,253.34417724609375,253.8518755287198,244.58379575845774,246.92320588947405,147495300
2024-12-23,254.12066650390625,254.49894524760987,252.30885365268378,253.62291772369178,40858800
2024-12-24,257.0375061035156,257.04744042152294,254.14058909817473,254.3397007808045,23234700
2024-12-26,257.853759765625,258.9289141129315,256.47003399402934,257.0275101814573,27237100
2024-12-27,254.439208984375,257.5352220874343,251.9206014592013,256.6691137206059,42355300
2024-12-30,251.0644989013672,252.3586488565982,249.62103037787767,251.0943626150189,35557500
2024-12-31,249.29251098632812,252.1396347735265,248.30696287880588,251.30342042234355,39480700
2025-01-02,242.75210571289062,247.97846832553566,240.73124671787497,247.80922035937212,55740700
2025-01-03,242.26431274414062,243.080612931882,240.80092995907523,242.26431274414062,40244100
2025-01-06,243.89691162109375,246.21642284830082,242.10501290585998,243.2100158477468,45045600
2025-01-07,241.11947631835938,244.44443460073458,240.263347789176,241.88599852058522,40856000
2025-01-08,241.60726928710938,242.61273160476242,238.9692066706783,240.83078235887348,37628900
2025-01-10,235.78363037109375,239.07872524452853,231.95095824677452,238.9293914792433,61710900
2025-01-13,233.3446502685547,233.61343889555542,228.68572841435088,232.47857214721685,49630700
2025-01-14,232.22967529296875,235.05688478727922,231.4233246799516,233.69305795736565,39435300
2025-01-15,236.79901123046875,237.88411516800545,233.3744970274307,233.5835582088168,39832000
2025-01-16,227.23228454589844,236.9383864807084,227.0033243432251,236.28136958651152,71759100
2025-01-17,228.9445343017578,231.24413133243607,227.4512878984511,231.07489856287185,68488300
2025-01-21,221.6375732421875,223.40955766052627,218.39225670760806,222.9914505136237,98070400
2025-01-22,222.82223510742188,223.1109227348787,218.80041619812283,218.80041619812283,64126500
2025-01-23,222.6529998779297,226.00782197454978,221.29912251598503,223.72813912330528,60234800
2025-01-24,221.77694702148438,224.614121166801,220.4131202139208,223.76794215782238,54697900
2025-01-27,228.82508850097656,231.10477141655377,222.9715575076631,223.01138591977585,94863400
2025-01-28,237.187255859375,239.1085741517517,229.77080167884077,229.81063008981926,75707600
2025-01-29,238.2823028564453,238.78005164957875,232.9563846938824,233.06589003597526,45486100
2025-01-30,236.52027893066406,239.7058683175974,236.14200015946125,237.59541819689565,55658300
2025-01-31,234.93743896484375,246.07705979363328,232.38896748106293,246.07705979363328,100959800
2025-02-03,226.98341369628906,230.78622201033428,224.68381655532258,228.9545099800506,73063300
2025-02-04,231.75186157226562,232.08037762753466,225.62954176239768,226.226846442903,45067300
2025-02-05,231.42332458496094,231.62242106375825,227.24223776986636,227.50106167329415,39620300
2025-02-06,232.16995239257812,232.74734282564026,229.39250557129796,230.24863411824003,29925300
2025-02-07,226.60513305664062,232.946448173879,226.236788599926,231.55275755143822,39707200
2025-02-10,226.8741912841797,229.80417456619486,226.42572786906877,228.7876615470872,33115600
2025-02-11,231.82725524902344,234.42836130351915,227.35256634016287,227.4223198813819,53718400
2025-02-12,236.06277465820312,236.15247950770552,229.89386689621963,230.41209906543347,45243300
2025-02-13,240.70689392089844,241.514131106333,234.7672133917818,236.10264318513748,53614100
2025-02-14,243.7664337158203,244.71319316935814,240.1687356269457,240.4278440984732,40896200
2025-02-18,243.6368865966797,244.34445851454996,241.01584434943877,243.31796980618805,48822500
2025-02-19,244.03550720214844,245.17162160901916,242.33134319523683,243.8262313730556,32204200
2025-02-20,244.9922637939453,245.93902334816417,243.45750328110228,244.10529733899222,32316900
2025-02-21,244.71319580078125,247.84249441981407,244.38431857946645,245.11182656230832,53197400
2025-02-24,246.25791931152344,248.01191597096326,243.58704451830639,244.0953010258401,51326400
2025-02-25,246.1981201171875,249.14803959700342,244.0753891604379,247.15485528022737,48013300
2025-02-26,239.5408935546875,244.14514449402503,238.3150894487839,243.49736566903925,44433600
2025-02-27,236.49131774902344,241.6337368385667,236.25213016109495,238.5941277716784,41153600
2025-02-28,241.01583862304688,241.26498665715278,229.41550676334808,236.14250368420718,56833400
2025-03-03,237.21881103515625,243.1983635012748,235.3053560708129,240.96599177281342,47184000
2025-03-04,235.1259765625,239.25188262538288,233.88023638606123,236.89992456399492,53798100
2025-03-05,234.93663024902344,235.7438674276595,228.44880585950324,234.61771347352882,47227600
2025-03-06,234.5280303955078,237.04940729600818,232.3654272740836,233.64106399817908,45170400
2025-03-07,238.2552947998047,240.54744460053885,233.95996981993864,234.30878315837532,46273600
2025-03-10,226.70477294921875,235.35520052510583,223.45588808739058,234.73730306532093,72071200
2025-03-11,220.08740234375,225.0703629938446,216.7089556312574,223.04728218644934,76137400
2025-03-12,216.2405548095703,220.99430349899413,214.17761702040198,219.3897895710681,62547500
2025-03-13,208.96542358398438,216.10102664759694,207.70972301630272,215.21406028960521,61368300
2025-03-14,212.762451171875,213.22087501834247,208.86577244295887,210.53007941159925,60107600
2025-03-17,213.27072143554688,214.48656508270392,209.25445626243933,212.58307041465437,48073400
2025-03-18,211.96519470214844,214.4168029665515,210.76928711901598,213.43018643369246,42432400
2025-03-19,214.50648498535156,218.0144781615262,213.0215573102422,213.48995680484757,54385400
2025-03-20,213.37039184570312,216.74883872802718,211.49679368091097,213.2607660976187,48862900
2025-03-21,217.52618408203125,218.09423372936246,210.55999911901452,210.8390437188948,94127800
2025-03-24,219.977783203125,220.7252273230714,217.83511614199446,220.24686734420678,44299500
2025-03-25,222.9875030517578,223.33631640181736,219.33001153042758,220.01766257627696,34493600
2025-03-26,220.77505493164062,224.25316696482244,219.71866969932233,222.7483031053444,34466100
2025-03-27,223.087158203125,224.22327264250706,219.80836152348044,220.63553483035878,37094800
2025-03-28,217.1574249267578,223.04728822423488,216.93817343567548,220.91458161653458,39818600
2025-03-31,221.37301635742188,224.8511131847691,215.49311362240712,216.27045427307317,65299300
2025-04-01,222.42941284179688,222.9177332815032,218.15402384007052,219.06092638065368,36412700
2025-04-02,223.1270294189453,224.42260233406006,220.2668146407477,220.5657953452804,35905900
2025-04-03,202.49754333496094,206.78289223919597,200.56415230327434,204.8395255545537,103419000
2025-04-04,187.738037109375,199.19884701911502,186.70157274086588,193.2292544699453,125910900
2025-04-07,180.84161376953125,193.48835506739644,174.02491207450518,176.59612158290105,160466300
2025-04-08,171.8323974609375,189.691324966831,168.63334553301246,186.06373055480245,120859500
2025-04-09,198.17234802246094,199.926344669284,171.30421792842867,171.3640110222038,184395900
2025-04-10,189.7710723876953,194.11621470149436,182.37636057603893,188.42568213047016,121880000
2025-04-11,197.47471618652344,198.85997858079665,185.42592149027786,185.46579368960585,87435900
2025-04-14,201.82984924316406,212.2143377637297,200.47448329230923,210.7194495182335,101352900
2025-04-15,201.4511260986328,202.81645240683693,199.11910423874315,201.1720815277121,51343900
2025-04-16,193.6079559326172,200.01603598224625,191.71442177543545,197.68401406478426,59732400
2025-04-17,196.3087158203125,198.15241736523095,193.75744237056688,196.5279673080365,52164700
2025-04-21,192.50173950195312,193.13955785695288,189.1631497833642,192.61136524453693,46742500
2025-04-22,199.059326171875,200.9030125684292,195.3021694205859,195.45165216386687,52976400
2025-04-23,203.9027557373047,207.29116289420588,202.10888686320854,205.29797863560773,52929200
2025-04-24,207.65989685058594,208.11833592046503,202.248408894664,204.1917605029567,47311000
2025-04-25,208.56680297851562,209.0352025034097,205.49729734578435,205.66671618569228,38222300
2025-04-28,209.4238739013672,210.77923983434187,206.7530142372406,209.2843516085664,38743100
2025-04-29,210.490234375,211.51672307140856,207.6599011161091,207.978817902887,36827600
2025-04-30,211.7758331298828,212.8521544830753,205.96569903614,208.58674127234366,52286500
2025-05-01,212.59304809570312,213.82881264887993,208.18809734114114,208.3674918385056,57365700
2025-05-02,204.65020751953125,206.28461806468735,201.4710760745947,205.38767599056177,101010600
2025-05-05,198.21221923828125,203.4044712176219,197.5345438511527,202.40787903175757,69018500
2025-05-06,197.83351135253906,199.96621804369693,196.34859871285207,197.53454585917262,51216500
2025-05-07,195.58120727539062,198.7603386318323,192.59143085844198,198.49125449640593,68536700
2025-05-08,196.81698608398438,199.3682595147921,194.0165494128041,197.04619801698016,50478900
2025-05-09,197.8534393310547,199.85658408831688,196.86680762308345,198.32183886048443,36453900
2025-05-12,210.34713745117188,210.82613996616402,206.31563192374182,210.52676720097676,63775800
2025-05-13,212.48263549804688,212.95164926547025,208.56089957562318,209.98788789546765,51909300
2025-05-14,211.88389587402344,213.49051386836734,210.13757262915965,211.98367663769176,49325800
2025-05-15,211.00575256347656,212.51258988469863,209.0997617101353,210.506803034962,45029500
2025-05-16,210.81614685058594,212.12340739052024,209.3292870180407,211.9138418912236,54737900
2025-05-19,208.3413543701172,209.0398806327114,203.83084657536088,207.47318710280226,46140500
2025-05-20,206.42539978027344,208.03201787298204,204.5992426766309,207.23369558110693,42496600
2025-05-21,201.6654052734375,206.60500227852873,200.28831500749223,204.73893602091724,59211800
2025-05-22,200.9369354248047,202.32401437172413,199.28041949489233,200.2883071907537,46742400
2025-05-23,194.85975646972656,197.28464391104225,193.05356158182016,193.26311186041877,78432900
2025-05-27,199.78936767578125,200.31825293342968,197.01519441683536,197.88337691051132,56288500
2025-05-28,199.99891662597656,202.30406088976383,199.48000488022652,200.16855762950956,45339700
2025-05-29,199.5299072265625,203.38179807643976,198.09293019267844,203.15228556391767,51396800
2025-05-30,200.4280242919922,201.53569281345096,196.36656797106642,198.95112277889336,70819900
2025-06-02,201.27622985839844,201.70533435611304,199.69954757512772,199.85921507319503,35423300
2025-06-03,202.84292602539062,203.34187550579085,200.53778186221837,200.92696184786135,46381600
2025-06-04,202.39389038085938,205.80670326672896,201.67540185470463,202.48369763994597,43604000
2025-06-05,200.20849609375,204.3198354061699,199.7294935749724,203.07246156364138,55126100
2025-06-06,203.49156188964844,205.26782088834017,201.62549563553227,202.57349663849442,46607700
2025-06-09,201.02676391601562,205.56720771427428,199.59977555964565,203.96058960802065,72862600
2025-06-10,202.2441864013672,203.92066462184746,200.14860765917956,200.1785434107301,54672600
2025-06-11,198.36236572265625,204.07034932786254,197.99314795828434,203.0724503091444,60989900
2025-06-12,198.78147888183594,199.26046614106752,196.94534836583952,198.66173587371065,43904600
2025-06-13,196.03726196289062,199.9490243445518,195.2888376882346,199.3103695725812,51447300
2025-06-16,198.0031280517578,198.27256505925683,196.1470352061455,196.8854859861783,43020700
2025-06-17,195.2289581298828,197.97318035709665,194.79986887227625,196.78567812068002,38856200
2025-06-18,196.16697692871094,197.15490236836843,194.66015499959357,195.52832221137376,45394700
2025-06-20,200.57769775390625,201.27622400422058,196.44639652864126,197.8235020126397,96813500
2025-06-23,201.07666015625,201.87498244787415,198.54200324907936,201.20639190632414,55814300
2025-06-24,199.87918090820312,203.0125832870988,199.77938491343542,202.16436301176623,54064000
2025-06-25,201.13653564453125,203.2421033073339,200.19850807531137,201.0267661369261,39525700
2025-06-26,200.57769775390625,202.2142514946699,199.04094000321476,201.00678701240994,50799100
2025-06-27,200.65753173828125,202.7930349784745,199.57979899649257,201.4658274879402,73188600
2025-06-30,204.7389373779297,206.95427439094752,198.84135059390303,201.58557286233471,91912800
2025-07-01,207.3833770751953,209.74839282792448,205.70689884063935,206.23578409144605,78788900
2025-07-02,211.99366760253906,212.8917706186518,207.7026988246806,208.47108532398713,67941800
2025-07-03,213.10134887695312,214.19902871499423,211.36499901814886,211.70428104663077,34955800
2025-07-07,209.50889587402344,215.77570049162512,208.36131809352125,212.23315593085263,50229000
2025-07-08,209.5687713623047,210.98578616820197,208.01205130024096,209.658593847986,42848900
2025-07-09,210.69639587402344,210.8859991217609,206.78463359109693,209.0897778625777,48749400
2025-07-10,211.96372985839844,213.03147386855414,209.58872537016995,210.06771262581316,44443600
2025-07-11,210.7163543701172,211.68431760849728,209.41908263784933,210.12759762046792,39765800
2025-07-14,208.1816864013672,210.46688365912564,207.10395364435493,209.48893166698292,38840100
2025-07-15,208.67066955566406,211.44482767792792,208.48106630115817,208.7804390594974,42296300
2025-07-16,209.71847534179688,211.95375954691573,208.2016644692293,209.8581806046168,47490500
2025-07-17,209.57875061035156,211.3550095983717,209.14964612579556,210.12759810142074,48068100
2025-07-18,210.73631286621094,211.34503189230253,209.25942654413325,210.42696659875526,48974600
2025-07-21,212.0335693359375,215.3266389893317,211.18536434566,211.65437808070223,51377400
2025-07-22,213.94955444335938,214.49840197701596,211.78411528941558,212.69220709721728,46404100
2025-07-23,213.7000732421875,214.69797228179937,211.9637386583707,214.54829351654996,46989300
2025-07-24,213.31088256835938,215.2368355364858,213.08137006420023,213.45058781785585,46022600
2025-07-25,213.43064880371094,214.7877920897316,212.95164630742312,214.24891808809048,40268800
2025-07-28,213.6002960205078,214.39861831079742,212.61237047326716,213.5803337758995,37858000
2025-07-29,210.8261260986328,214.3586818606333,210.37707459375494,213.73000061776605,51411700
2025-07-30,208.6107940673828,211.94377315400357,207.28358653790625,211.454797150492,45512500
2025-07-31,207.1339111328125,209.39913099136336,206.72476887181696,208.0519764228089,80698400
2025-08-01,201.95481872558594,213.1312852679161,201.07666267114303,210.4269720875647,104434500
2025-08-04,202.9227752685547,207.44325668811337,201.25627047720934,204.0803265791815,75109300
2025-08-05,202.49366760253906,204.90858140720596,201.73526982787092,202.97265486934364,44155100
2025-08-06,212.80197143554688,214.9275012748427,205.15806109322384,205.19798558200998,108483100
2025-08-07,219.56771850585938,220.38600300495352,216.12496995802366,218.42014073215765,90224800
2025-08-08,228.86814880371094,230.5146761138317,218.78936250198095,220.36604479784603,113854000
2025-08-11,226.95997619628906,229.33767612130436,224.54232171734583,227.6992650180531,61806100
2025-08-12,229.42758178710938,230.57647717809445,226.8500938879156,227.78917070894937,55626200
2025-08-13,233.10403442382812,234.77241529044048,230.2068337695816,230.8462285986664,69878500
2025-08-14,232.5545654296875,234.89229562265464,230.6264418350812,233.83332460758467,51916300
2025-08-15,231.36570739746094,234.0531046408583,229.11788646444978,233.77337703316005,56038700
2025-08-18,230.66639709472656,232.89423321308522,229.88715369469057,231.47561022214762,37476200
2025-08-19,230.3367156982422,232.64447617946885,229.1278960385577,231.05601964615855,39402600
2025-08-20,225.79110717773438,230.24679444121838,225.55134937034353,229.75726351111018,42263900
2025-08-21,224.68218994140625,226.30063142153253,223.56327948127884,226.05087353353895,30621200
2025-08-22,227.53941345214844,228.8681272027074,225.1916985271248,225.95095699429655,42477800
2025-08-25,226.94000244140625,229.07792927219558,226.01089520624416,226.26065308481304,30983100
2025-08-26,229.08792114257812,229.26775474756235,224.4724002828088,226.65028173376106,54575100
2025-08-27,230.26678466796875,230.676376013076,228.03893336267103,228.38860049855515,31259500
2025-08-28,232.33477783203125,233.18396075811214,229.11789497993007,230.59647266873003,38074700
2025-08-29,231.91517639160156,233.15398096397084,231.145917853049,232.28481317583598,39418400
2025-09-02,229.49752807617188,230.62643860177437,226.75019132336067,229.02798202980685,44075600
2025-09-03,238.2390594482422,238.6186963224971,234.133039090421,236.98028515930878,66427800
2025-09-04,239.5477752685547,239.66765417218173,236.51072617258424,238.21906152531412,47549400
2025-09-05,239.45787048339844,241.08629675958926,238.25903569310344,239.76756781945676,54870400
2025-09-08,237.64962768554688,239.91741830634814,236.11111057683257,239.06825064349684,48999500
2025-09-09,234.123046875,238.5487492683241,233.13400016518182,236.77047435136637,66313900
2025-09-10,226.5703582763672,232.19491077497392,225.73117543382176,231.96513778704139,83440800
2025-09-11,229.80722045898438,230.22681187017153,226.43048902665416,226.66027725307507,50208600
2025-09-12,233.84332275390625,234.28288383192944,228.79821036620638,228.9980136278554,55824200
2025-09-15,236.47076416015625,237.95932665324483,234.80238330570734,236.77047667310174,42699500
2025-09-16,237.9193572998047,240.98639147239973,236.09114297984144,236.9502954777413,63421100
2025-09-17,238.75856018066406,239.86748583209587,237.4997706474641,238.73857528095925,46508000
2025-09-18,237.64962768554688,240.9664044724694,236.4208079152849,239.737599946219,44249600
2025-09-19,245.26223754882812,246.06146581163878,239.9773675285625,240.99636870073516,163741300
2025-09-22,255.8319854736328,256.3914711896616,247.8797028858207,248.05953649140056,105517400
2025-09-23,254.18359375,257.0907792625319,253.33442606621003,255.63220171436936,60275200
2025-09-24,252.06564331054688,255.4923293909784,250.79686899703333,254.9728287261993,42303700
2025-09-25,256.6212158203125,256.9209435623003,251.466224879955,252.96477212582877,55202100
2025-09-26,255.2126007080078,257.3505275669758,253.5342198150173,253.8539172209246,46076300
2025-09-29,254.18359375,254.75304905914027,252.76497075706976,254.31347273152574,40127700
2025-09-30,254.38340759277344,255.67215158054225,252.8648753735947,254.61318058017173,37704300
2025-10-01,255.20260620117188,258.53938316103813,254.6831055272507,254.7929996074261,48713900
2025-10-02,256.8809814453125,257.9299523535748,253.9038565188199,256.33149581258533,42630200
2025-10-03,257.7701110839844,258.9889308017334,253.70406057825727,254.42336451804394,49155600
2025-10-06,256.44140625,258.819106172963,254.80299514816292,257.7401350456914,44664100
2025-10-07,256.23162841796875,257.15072039039774,255.18262697514498,256.56129542181253,31955800
2025-10-08,257.8100891113281,258.2696351050741,255.8619653198879,256.2715719294531,36496900
2025-10-09,253.79396057128906,257.75013209688524,252.8948383011137,257.5603136690899,38322000
2025-10-10,245.032470703125,256.13171175032437,243.76369637579657,254.69310389004832,61999100
2025-10-13,247.42015075683594,249.44818352992385,245.32217845998096,249.13848619669534,38142900
2025-10-14,247.53004455566406,248.60900042906025,244.46301046499008,246.36117950382103,35478000
2025-10-15,249.09852600097656,251.5761352503302,247.2303418581919,249.24838988167792,33893600
2025-10-16,247.21035766601562,248.79881419551728,244.8926123625184,248.00958596667436,39777000
2025-10-17,252.045654296875,253.13461023404025,247.03052706557392,247.77980070207627,49147000
2025-10-20,261.98602294921875,264.1239650925819,255.3824390623343,255.64218177653177,90483000
2025-10-21,262.5155029296875,265.03308188579996,261.5764108568555,261.6263807259345,46695900
2025-10-22,258.19970703125,262.5954395959732,255.18261234613632,262.3956210979312,45015300
2025-10-23,259.3285827636719,260.36758405794774,257.76012648314656,259.68824995662277,32754900
2025-10-24,262.56549072265625,263.87421967110856,258.9290010880386,260.93706434715574,38253700
2025-10-27,268.5496520996094,268.8593494221352,264.3936774471076,264.6234656652487,44888200
2025-10-28,268.7394714355469,269.6286240979669,267.8902885694659,268.7294713644567,41534800
2025-10-29,269.4388122558594,271.1471476128123,266.85129379808274,269.01920560410514,51086700
2025-10-30,271.13714599609375,273.87451306817263,268.2199910571769,271.72657092903916,69886500
2025-10-31,270.108154296875,277.05143573891627,268.89933466249033,276.721738255342,86167100
2025-11-03,268.7894287109375,270.5877038096653,265.9921525413924,270.15812755648943,50194600
2025-11-04,269.7784729003906,271.22705027239556,267.36080327265466,268.0701070960229,49274800
2025-11-05,269.8783874511719,271.43687417180433,266.67147434431234,268.3498399683747,43683100
2025-11-06,269.50872802734375,273.1352174017799,267.6305743388968,267.6305743388968,51204000
2025-11-07,268.2099914550781,272.02629915101613,266.51162568814635,269.5386899523433,48227400
2025-11-10,269.42999267578125,273.7300109863281,267.4599914550781,268.9599914550781,41312400
2025-11-11,275.25,275.9100036621094,269.79998779296875,269.80999755859375,46208300
2025-11-12,273.4700012207031,275.7300109863281,271.70001220703125,275.0,48398000
2025-11-13,272.95001220703125,276.70001220703125,272.0899963378906,274.1099853515625,49602800
2025-11-14,272.4100036621094,275.9599914550781,269.6000061035156,271.04998779296875,47431300
2025-11-17,267.4599914550781,270.489990234375,265.7300109863281,268.82000732421875,45018300
2025-11-18,267.44000244140625,270.7099914550781,265.32000732421875,269.989990234375,45677300
2025-11-19,268.55999755859375,272.2099914550781,265.5,265.5299987792969,40424500
2025-11-20,266.25,275.42999267578125,265.9200134277344,270.8299865722656,45823600
2025-11-21,271.489990234375,273.3299865722656,265.6700134277344,265.95001220703125,59030800
2025-11-24,275.9200134277344,277.0,270.8999938964844,270.8999938964844,65585800
2025-11-25,276.9700012207031,280.3800048828125,275.25,275.2699890136719,46914200
2025-11-26,277.54998779296875,279.5299987792969,276.6300048828125,276.9599914550781,33431400
2025-11-28,278.8500061035156,279.0,275.989990234375,277.260009765625,20135600
2025-12-01,283.1000061035156,283.4200134277344,276.1400146484375,278.010009765625,46587700
2025-12-02,286.19000244140625,287.3999938964844,282.6300048828125,283.0,53669500
2025-12-03,284.1499938964844,288.6199951171875,283.29998779296875,286.20001220703125,43538700
2025-12-04,280.70001220703125,284.7300109863281,278.5899963378906,284.1000061035156,43989100
2025-12-05,278.7799987792969,281.1400146484375,278.04998779296875,280.5400085449219,47265800
2025-12-08,277.8900146484375,279.6700134277344,276.1499938964844,278.1300048828125,38211800
2025-12-09,277.17999267578125,280.0299987792969,276.9200134277344,278.1600036621094,32193300
2025-12-10,278.7799987792969,279.75,276.44000244140625,277.75,33038300
2025-12-11,278.0299987792969,279.5899963378906,273.80999755859375,279.1000061035156,33248000
2025-12-12,278.2799987792969,279.2200012207031,276.82000732421875,277.8999938964844,39532900
2025-12-15,274.1099853515625,280.1499938964844,272.8399963378906,280.1499938964844,50409100
2025-12-16,274.6099853515625,275.5,271.7900085449219,272.82000732421875,37648600
2025-12-17,271.8399963378906,276.1600036621094,271.6400146484375,275.010009765625,50138700
2025-12-18,272.19000244140625,273.6300048828125,266.95001220703125,273.6099853515625,51630700
2025-12-19,273.6700134277344,274.6000061035156,269.8999938964844,272.1499938964844,144632000
2025-12-22,270.9700012207031,273.8800048828125,270.510009765625,272.8599853515625,36571800
2025-12-23,272.3599853515625,272.5,269.55999755859375,270.8399963378906,29642000
2025-12-24,273.80999755859375,275.42999267578125,272.20001220703125,272.3399963378906,17910600
2025-12-26,273.3999938964844,275.3699951171875,272.8599853515625,274.1600036621094,21521800
2025-12-29,273.760009765625,274.3599853515625,272.3500061035156,272.69000244140625,23715200
2025-12-30,273.0799865722656,274.0799865722656,272.2799987792969,272.80999755859375,22139600
2025-12-31,271.8599853515625,273.67999267578125,271.75,273.05999755859375,27293600
2026-01-02,271.010009765625,277.8399963378906,269.0,272.260009765625,37822400
2026-01-05,268.659912109375,271.5,267.8599853515625,270.7149963378906,15500310
